"","subjectNo","tSpanPartialScore","tsMathErrorTotal","tspanPartialBlock1","tspanPartialBlock2","tspanPartialBlock3","tsAccErrorTotal","tsSpeedErrorTotal","tsAbsoluteScore","tsStrats"
"1",1001,47,5,13,17,17,4,1,32,"{SHIFT}Repeat{SPACE}the{SPACE}previous{SPACE}notes{SPACE}between{SPACE}each{SPACE}problem{.}{ENTER}"
"2",1002,64,4,25,19,20,3,1,51,"i{SPACE}just{SPACE}repeated{SPACE}the{SPACE}tones{SPACE}in{SPACE}the{SPACE}order{SPACE}in{SPACE}my{SPACE}head{SPACE}after{SPACE}every{SPACE}math{SPACE}problem{SPACE}from{SPACE}the{SPACE}beginning{.}{SPACE}{ENTER}"
"3",1003,60,4,21,19,20,1,3,26,"{SHIFT}I{SPACE}converted{SPACE}the{SPACE}sounds{SPACE}into{SPACE}numbers{.}{SPACE}{SHIFT}L{=}1{SPACE}{SHIFT}M{=}2{SHIFT}{SPACE}{SHIFT}H{=}3{.}{SPACE}{SHIFT}Then{SPACE}{SHIFT}I{SPACE}kept{SPACE}count{SPACE}on{SPACE}my{SPACE}fingers{SPACE}how{SPACE}many{SPACE}sounds{SPACE}played{.}{SPACE}a{SPACE}repeated{SPACE}the{SPACE}number{SPACE}i{SPACE}would{SPACE}make{SPACE}back{SPACE}to{SPACE}myself{.}{SPACE}1{SPACE}then{SPACE}13{SPACE}then{SPACE}132{SPACE}then132312{LEFTARROW}{LEFTARROW}{LEFTARROW}{LEFTARROW}{RIGHTARROW}{RIGHTARROW}{RIGHTARROW}{RIGHTARROW}{SPACE}{ENTER}"
"4",1004,73,1,24,24,25,1,0,61,"{SHIFT}I{SPACE}used{SPACE}my{SPACE}fingers{SPACE}to{SPACE}count{SPACE}and{SPACE}to{SPACE}remember{SPACE}the{SPACE}order{SPACE}of{SPACE}the{SPACE}tones{.}{ENTER}"
"5",1005,50,4,13,16,21,4,0,25,"i{SPACE}tried{SPACE}to{SPACE}keep{SPACE}track{SPACE}of{SPACE}the{SPACE}sounds{SPACE}using{SPACE}my{SPACE}fingers{ENTER}"
"6",1006,65,8,22,20,23,6,2,50,"{SHIFT}I{SPACE}mouthed{SPACE}the{SPACE}word{SPACE}of{SPACE}each{SPACE}tone{SPACE}after{SPACE}{SHIFT}I{SPACE}heard{SPACE}it{SPACE}in{SPACE}order{SPACE}to{SPACE}memorize{SPACE}it{ENTER}"
"7",1007,7,5,1,3,3,5,0,3,"{SHIFT}I{SPACE}could{SPACE}not{SPACE}use{SPACE}any{SPACE}strategies{.}{SPACE}{SHIFT}{SHIFT}{SHIFT}My{SPACE}average{SPACE}math{SPACE}time{SPACE}was{SPACE}too{SPACE}fast{.}{ENTER}"
"8",1008,71,5,23,25,23,4,1,65,"i{SPACE}would{SPACE}constantly{SPACE}repeat{SPACE}the{SPACE}order{SPACE}of{SPACE}the{SPACE}tones{SPACE}in{SPACE}my{SPACE}head{ENTER}"
"9",1009,30,6,9,8,13,6,0,8,"constantly{SPACE}repeating{SPACE}to{SPACE}myself{SPACE}{SHIFT}L{SHIFT}{SHIFT}{,}{SPACE}{SHIFT}M{,}{SPACE}{SHIFT}H{SPACE}depending{SPACE}on{SPACE}the{SPACE}order{SPACE}they{SPACE}fell{SPACE}in{SPACE}and{SPACE}then{SPACE}answered{SPACE}those{SPACE}based{SPACE}on{SPACE}that{SPACE}if{SPACE}i{SPACE}could{SPACE}remember{SPACE}them{SPACE}all{ENTER}"
"10",1010,65,5,19,23,23,4,1,49,"{SHIFT}I{SPACE}used{SPACE}the{SPACE}1st{,}{SPACE}3rd{,}{SPACE}and{SPACE}5th{SPACE}finger{SPACE}of{SPACE}my{SPACE}left{SPACE}hand{SPACE}and{SPACE}designated{SPACE}each{SPACE}as{SPACE}{SHIFT}L{SPACE}{SHIFT}M{SPACE}or{SPACE}{SHIFT}H{SPACE}and{SPACE}repeated{SPACE}the{SPACE}pattern{SPACE}after{SPACE}each{SPACE}math{SPACE}problem{,}{SPACE}while{SPACE}adding{SPACE}the{SPACE}most{SPACE}recent{SPACE}tone{ENTER}"
"11",1011,34,4,11,14,9,4,0,3,"{ENTER}"
"12",1012,59,5,20,19,20,4,1,21,"{SHIFT}Repeating{SPACE}the{SPACE}sequence{SPACE}of{SPACE}noises{SPACE}in{SPACE}my{SPACE}head{SPACE}when{SPACE}a{SPACE}new{SPACE}one{SPACE}was{SPACE}added{ENTER}"
"13",1013,62,7,20,23,19,5,2,37,"counting{SPACE}how{SPACE}many{SPACE}sounds{SPACE}there{SPACE}were{ENTER}"
"14",1014,38,5,11,11,16,1,4,16,"{SHIFT}Sequencing{SPACE}{CAPSLOCK}LMH{SPACE}{CAPSLOCK}when{SPACE}in{SPACE}order{SPACE}and{SPACE}just{SPACE}remembering{SPACE}{CAPSLOCK}{CAPSLOCK}order{SPACE}or{SPACE}reverse{SPACE}order{SPACE}as{SPACE}one{SPACE}tone{SPACE}{ENTER}"
"15",1015,56,1,19,18,19,1,0,23,"repeating{SPACE}the{SPACE}order{SPACE}of{SPACE}every{SPACE}set{SPACE}of{SPACE}tones{SPACE}over{SPACE}in{SPACE}my{SPACE}head{SPACE}after{SPACE}a{SPACE}new{SPACE}tone{SPACE}was{SPACE}played{SPACE}{ENTER}"
"16",1016,24,9,8,7,9,8,1,0,"the{SPACE}tones{SPACE}were{SPACE}hard{SPACE}for{SPACE}me{SPACE}to{SPACE}remember{.}{ENTER}"
"17",1017,45,13,14,18,13,7,6,15,"{SHIFT}Trying{SPACE}to{SPACE}capture{SPACE}the{SPACE}tone{SPACE}and{SPACE}repeat{SPACE}low{,}{SPACE}medium{SPACE}high{.}{SPACE}{SHIFT}But{SPACE}the{SPACE}math{SPACE}is{SPACE}extremely{SPACE}distracting{SPACE}when{SPACE}you{SPACE}suck{SPACE}at{SPACE}math{.}{ENTER}"
"18",1018,46,4,18,11,17,3,1,24,"if{SPACE}a{SPACE}lower{SPACE}tone{SPACE}played{SPACE}before{SPACE}or{SPACE}after{SPACE}it{,}{SPACE}i{SPACE}knew{SPACE}it{SPACE}couldn{'}t{SPACE}be{SPACE}the{SPACE}lowest{ENTER}"
"19",1019,33,2,9,12,12,1,1,15,"i{SPACE}tried{SPACE}using{SPACE}my{SPACE}fingers{SPACE}to{SPACE}remember{SPACE}which{SPACE}tone{SPACE}went{SPACE}in{SPACE}which{SPACE}order{SPACE}to{SPACE}help{SPACE}visualize{ENTER}"
"20",1020,56,8,17,19,20,5,3,19,"{SHIFT}I{SPACE}sang{SPACE}the{SPACE}notes{SPACE}in{SPACE}my{SPACE}head{SPACE}in{SPACE}order{SPACE}to{SPACE}register{SPACE}them{SPACE}on{SPACE}a{SPACE}mental{SPACE}note{SPACE}chart{.}{ENTER}"
"21",1021,42,19,16,11,15,18,1,10,"i{SPACE}tried{SPACE}remembering{SPACE}the{SPACE}sounds{SPACE}of{SPACE}the{SPACE}patterns{SPACE}so{SPACE}it{SPACE}would{SPACE}be{SPACE}easier{ENTER}"
"22",1022,63,9,17,25,21,7,2,45,"{SHIFT}I{SPACE}attempted{SPACE}to{SPACE}memorize{SPACE}the{SPACE}order{SPACE}{SHIFT}and{SPACE}repeat{SPACE}it{SPACE}adding{SPACE}in{SPACE}the{SPACE}new{SPACE}tone{SPACE}{SHIFT}{(}e{.}g{.}{SPACE}{SHIFT}Medium{,}{SPACE}{SHIFT}Medium{-}{SHIFT}Low{,}{SPACE}{SHIFT}Medium{-}{SHIFT}Low{-}{SHIFT}High{SHIFT}{)}{SHIFT}h{SHIFT}{)}{ENTER}"
"23",1023,47,9,18,15,14,8,1,24,"{SHIFT}Instead{SPACE}of{SPACE}trying{SPACE}to{SPACE}remember{SPACE}the{SPACE}whole{SPACE}word{SPACE}{SHIFT}{(}ex{.}{SPACE}medium{SHIFT}{)}{SHIFT}{SHIFT}m{SHIFT}{)}{SPACE}{SHIFT}I{SPACE}would{SPACE}use{SPACE}the{SPACE}first{SPACE}letter{SPACE}ande{SPACE}repeat{SPACE}it{SPACE}after{SPACE}each{SPACE}one{SPACE}adding{SPACE}them{SPACE}all{SPACE}together{SPACE}at{SPACE}the{SPACE}end{.}{ENTER}"
"24",1024,56,3,19,15,22,2,1,28,"{SHIFT}I{SPACE}didn{'}t{SPACE}use{SPACE}any{SPACE}tricks{.}{SHIFT}{SPACE}{SHIFT}I{SPACE}just{SPACE}did{SPACE}the{SPACE}simple{SPACE}math{SPACE}in{SPACE}my{SPACE}head{SPACE}while{SPACE}saying{SPACE}the{SPACE}tones{SPACE}over{SPACE}in{SPACE}my{SPACE}head{SPACE}again{.}{ENTER}"
"25",1025,54,5,16,20,18,2,3,31,"{SHIFT}I{SPACE}would{SPACE}try{SPACE}to{SPACE}just{SPACE}look{SPACE}at{SPACE}the{SPACE}math{SPACE}problem{SPACE}without{SPACE}finding{SPACE}the{SPACE}answer{SPACE}and{SPACE}then{SPACE}see{SPACE}if{SPACE}the{SPACE}answer{SPACE}shown{SPACE}was{SPACE}correct{,}{SPACE}then{SPACE}memorized{SPACE}the{SPACE}notes{SPACE}given{SPACE}{ENTER}"
"26",1026,67,2,22,22,23,2,0,51,"none{ENTER}"
"27",1027,40,2,13,13,14,2,0,17,"{SHIFT}I{SPACE}said{SPACE}the{SPACE}tones{SPACE}in{SPACE}my{SPACE}head{SPACE}after{SPACE}{SHIFT}I{SPACE}heard{SPACE}them{.}{ENTER}"
"28",1028,47,7,9,20,18,4,3,29,"{SHIFT}Repition{SPACE}of{SPACE}the{SPACE}notes{ENTER}"
"29",1029,46,3,17,14,15,2,1,14,"{ENTER}"
"30",1030,55,3,18,17,20,3,0,23,"{SHIFT}I{SPACE}tapped{SPACE}my{SPACE}thumb{SPACE}whenever{SPACE}{SHIFT}I{SPACE}heard{SPACE}a{SPACE}high{SPACE}beat{,}middle{SPACE}finger{SPACE}for{SPACE}middle{SPACE}beat{,}{SPACE}and{SPACE}pinky{SPACE}for{SPACE}low{SPACE}beat{SPACE}and{SPACE}tried{SPACE}to{SPACE}remember{SPACE}the{SPACE}order{SPACE}my{SPACE}fingers{SPACE}tapped{.}{ENTER}"
"31",1031,11,6,6,5,0,6,0,0,"{BACKSLASH}{ENTER}"
"32",1032,45,9,12,20,13,7,2,26,"{SHIFT}I{SPACE}just{SPACE}knew{SPACE}what{SPACE}the{SPACE}high{SPACE}and{SPACE}the{SPACE}low{SPACE}definatly{SPACE}sounded{SPACE}like{SPACE}so{SPACE}finding{SPACE}the{SPACE}medium{SPACE}wasnt{SPACE}hard{.}{SPACE}{SHIFT}I{SPACE}focused{SPACE}more{SPACE}on{SPACE}the{SPACE}sounds{SPACE}then{SPACE}on{SPACE}the{SPACE}math{SPACE}itslef{.}{SPACE}{ENTER}"
"33",1033,68,7,21,24,23,6,1,44,"{SHIFT}I{SPACE}just{SPACE}repeated{SPACE}the{SPACE}pattern{SPACE}in{SPACE}my{SPACE}head{SPACE}as{SPACE}i{SPACE}solved{SPACE}the{SPACE}problems{.}{ENTER}"
"34",1034,49,5,14,12,23,5,0,37,"{SHIFT}It{SPACE}was{SPACE}very{SPACE}difficult{SPACE}at{SPACE}first{SPACE}to{SPACE}try{SPACE}to{SPACE}remember{SPACE}the{SPACE}tones{SPACE}without{SPACE}a{SPACE}tool{SPACE}or{SPACE}strategy{,}{SPACE}but{SPACE}once{SPACE}{SHIFT}I{SPACE}started{SPACE}using{SPACE}the{SPACE}fingers{SPACE}on{SPACE}my{SPACE}left{SPACE}hand{SPACE}as{SPACE}a{SPACE}reminder{SPACE}of{SPACE}{SHIFT}L{,}{SHIFT}M{SHIFT}{,}{SHIFT}H{SPACE}notes{SPACE}it{SPACE}was{SPACE}much{SPACE}easier{SPACE}to{SPACE}recall{SPACE}the{SPACE}patterns{.}{SPACE}{SHIFT}i{SHIFT}{SPACE}also{SPACE}started{SPACE}repeating{SPACE}the{SPACE}sequence{SPACE}mentally{SPACE}each{SPACE}time{SPACE}a{SPACE}new{SPACE}tone{SPACE}would{SPACE}play{SPACE}to{SPACE}reinforce{SPACE}what{SPACE}{SHIFT}I{SPACE}had{SPACE}already{SPACE}heard{.}{SPACE}{SHIFT}{SHIFT}{SHIFT}I{SPACE}used{SPACE}my{SPACE}pinky{SPACE}finger{SPACE}as{SPACE}low{,}{SPACE}middle{SPACE}finger{SPACE}as{SPACE}finger{SPACE}as{SPACE}{SHIFT}M{,}{SPACE}and{SPACE}thumb{SPACE}as{SPACE}{SHIFT}High{,}{SPACE}siimilar{SPACE}to{SPACE}when{SPACE}{SHIFT}I{SPACE}played{SPACE}the{SPACE}piano{.}{SPACE}{ENTER}"
"35",1035,58,3,20,20,18,2,1,41,"repeated{SPACE}the{SPACE}tones{SPACE}in{SPACE}my{SPACE}head{SPACE}while{SPACE}solving{SPACE}the{SPACE}equations{.}{ENTER}"
"36",1036,68,2,23,24,21,1,1,55,"{SHIFT}{SHIFT}Repeating{SPACE}the{SPACE}list{SPACE}over{SPACE}in{SPACE}my{SPACE}head{SPACE}as{SPACE}each{SPACE}new{SPACE}tone{SPACE}was{SPACE}added{.}{SPACE}{SHIFT}Visualizing{SPACE}the{SPACE}tones{SPACE}on{SPACE}a{SPACE}line{SPACE}graph{SPACE}with{SPACE}three{SPACE}different{SPACE}points{UPARROW}{LEFTARROW}{.}{SPACE}{SHIFT}Listening{SPACE}for{SPACE}ascending{SPACE}and{SPACE}descending{SPACE}patterns{.}{SPACE}{SHIFT}Singing{SPACE}the{SPACE}tones{SPACE}back{SPACE}inside{SPACE}of{SPACE}my{SPACE}head{.}{ENTER}"
"37",1037,42,6,9,17,16,5,1,24,"{ENTER}"
"38",1038,50,9,13,18,19,4,5,19,"i{SPACE}would{SPACE}hold{SPACE}one{SPACE}finger{SPACE}up{SPACE}for{SPACE}low{SPACE}2{SPACE}fingers{SPACE}for{SPACE}medium{SPACE}and{SPACE}3{SPACE}for{SPACE}high{SPACE}and{SPACE}try{SPACE}to{SPACE}remeber{SPACE}the{SPACE}sequence{SPACE}{ENTER}"
"39",1039,61,7,21,21,19,6,1,37,"establish{SPACE}fingers{SPACE}for{SPACE}each{SPACE}{SHIFT}H{,}{SHIFT}{SHIFT}L{,}{SHIFT}M{SPACE}sound{SPACE}and{SPACE}try{SPACE}to{SPACE}remember{SPACE}order{SPACE}in{SPACE}which{SPACE}i{SPACE}pressed{SPACE}them{SPACE}down{SPACE}on{SPACE}the{SPACE}table{ENTER}"
"40",1040,56,4,20,20,16,2,2,42,"{SHIFT}I{SPACE}would{SPACE}hear{SPACE}the{SPACE}tone{,}{SPACE}said{SPACE}it{SPACE}in{SPACE}my{SPACE}head{,}{SPACE}do{SPACE}the{SPACE}math{SPACE}problem{SPACE}then{SPACE}repeat{SPACE}the{SPACE}sequence{SPACE}of{SPACE}tones{SPACE}in{SPACE}my{SPACE}head{ENTER}"
"41",1041,66,3,23,20,23,0,3,38,"{ENTER}"
"42",1042,65,6,25,19,21,5,1,53,"{SHIFT}After{SPACE}hearing{SPACE}the{SPACE}noise{,}{SPACE}{SHIFT}I{SPACE}kept{SPACE}saying{SPACE}{SHIFT}{QUOTE}low{SPACE}medium{SPACE}or{SPACE}high{SHIFT}{QUOTE}{SPACE}in{SPACE}the{SPACE}correct{SPACE}order{SPACE}over{SPACE}and{SPACE}over{SPACE}in{SPACE}my{SPACE}head{SPACE}while{SPACE}completing{SPACE}the{SPACE}math{SPACE}problems{ENTER}"
"43",1043,46,2,12,18,16,2,0,8,"{SHIFT}I{SPACE}attempted{SPACE}to{SPACE}repeat{SPACE}the{SPACE}order{SPACE}of{SPACE}the{SPACE}tones{SPACE}back{SPACE}to{SPACE}myself{SPACE}before{SPACE}solving{SPACE}each{SPACE}math{SPACE}problem{ENTER}"
"44",1044,39,4,14,16,9,2,2,18,"{SHIFT}Repeating{SPACE}the{SPACE}sequence{SPACE}of{SPACE}sounds{SPACE}for{SPACE}every{SPACE}screen{SPACE}adding{SPACE}in{SPACE}the{SPACE}next{SPACE}sound{SPACE}heard{SPACE}while{SPACE}solving{SPACE}the{SPACE}problems{.}{ENTER}"
"45",1045,28,6,8,8,12,6,0,7,"{ENTER}"
"46",1046,61,9,18,19,24,8,1,50,"{SHIFT}If{SPACE}the{SPACE}tones{SPACE}went{SPACE}in{SPACE}order{SPACE}{SHIFT}{(}low{,}medium{,}high{SPACE}or{SPACE}high{,}medium{,}low{SHIFT}{)}{SHIFT}w{SHIFT}{)}{SPACE}or{SPACE}if{SPACE}there{SPACE}was{SPACE}any{SPACE}patterns{SPACE}{SHIFT}{(}low{,}medium{,}low{SHIFT}{)}{ENTER}"
"47",1047,66,3,23,20,23,2,1,50,"{SHIFT}Tapping{SPACE}fingers{,}{SPACE}replaying{SPACE}the{SPACE}sounds{SPACE}in{SPACE}my{SPACE}head{ENTER}"
"48",1048,49,4,16,15,18,3,1,28,"{SHIFT}I{SPACE}tried{SPACE}saying{SPACE}{SHIFT}{QUOTE}{SHIFT}{QUOTE}high{SPACE}or{SPACE}low{SPACE}after{SPACE}hearing{SPACE}the{SPACE}tone{,}{SPACE}then{SPACE}repeating{SPACE}each{SPACE}in{SPACE}my{SPACE}head{SPACE}after{SPACE}the{SPACE}math{SPACE}problems{.}{SPACE}{SHIFT}For{SPACE}example{,}{SPACE}after{SPACE}the{SPACE}third{SPACE}problem{SPACE}in{SPACE}a{SPACE}sequence{SPACE}i{'}d{SPACE}try{SPACE}saying{SPACE}high{,}{SPACE}medium{,}{SPACE}high{.}{SPACE}{SHIFT}{ENTER}"
"49",1049,58,6,22,17,19,3,3,23,"memorizing{SPACE}the{SPACE}letter{SPACE}of{SPACE}the{SPACE}tones{ENTER}"
"50",1050,62,6,18,21,23,4,2,50,"{SHIFT}I{SPACE}sang{SPACE}along{SPACE}to{SPACE}them{SPACE}in{SPACE}my{SPACE}head{SPACE}at{SPACE}first{SPACE}and{SPACE}would{SPACE}repeat{SPACE}them{SPACE}so{SPACE}that{SPACE}they{SPACE}stacked{SPACE}on{SPACE}top{SPACE}of{SPACE}each{SPACE}other{SPACE}in{SPACE}the{SPACE}right{SPACE}order{.}{SPACE}{SHIFT}If{SPACE}it{SPACE}was{SPACE}a{SPACE}long{SPACE}set{SPACE}{SHIFT}I{SPACE}would{SPACE}invision{SPACE}the{SPACE}{SHIFT}HLM{SPACE}scale{SPACE}and{SPACE}try{SPACE}to{SPACE}remember{SPACE}in{SPACE}what{SPACE}order{SPACE}they{SPACE}would{SPACE}go{SPACE}in{SPACE}{SHIFT}{)}{SHIFT}{(}like{SPACE}completing{SPACE}a{SPACE}path{SHIFT}{)}{SHIFT}{)}{ENTER}"
"51",1051,24,5,5,6,13,5,0,0,"{SHIFT}{SHIFT}For{SPACE}each{SPACE}equation{,}{SPACE}{SHIFT}I{SPACE}would{SPACE}try{SPACE}to{SPACE}remeber{SPACE}whether{SPACE}it{SPACE}was{SPACE}high{SPACE}or{SPACE}low{SPACE}or{SPACE}middle{SPACE}andkeep{SPACE}repeating{SPACE}it{SPACE}to{SPACE}myself{SPACE}til{SPACE}the{SPACE}end{ENTER}"
"52",1052,58,6,18,19,21,3,3,33,"{SHIFT}I{SPACE}would{SPACE}say{SPACE}the{SPACE}tone{SPACE}{SHIFT}{(}low{,}{SPACE}medium{,}{SPACE}or{SPACE}high{SHIFT}{)}{SHIFT}{)}{SPACE}in{SPACE}my{SPACE}head{,}{SPACE}and{SPACE}tap{SPACE}my{SPACE}fingers{SPACE}according{SPACE}to{SPACE}the{SPACE}tone{ENTER}"
"53",1053,67,7,19,24,24,4,3,44,"measuring{SPACE}tones{SPACE}on{SPACE}fingers{ENTER}"
"54",1054,63,3,21,19,23,2,1,44,"i{SPACE}used{SPACE}my{SPACE}fingers{SPACE}to{SPACE}keep{SPACE}track{SPACE}of{SPACE}how{SPACE}many{SPACE}sounds{SPACE}there{SPACE}were{SPACE}and{SPACE}with{SPACE}each{SPACE}new{SPACE}sound{SPACE}i{SPACE}repeated{SPACE}the{SPACE}previous{SPACE}ones{SPACE}and{SPACE}added{SPACE}the{SPACE}new{SPACE}on{SPACE}at{SPACE}the{SPACE}end{SPACE}{.}{ENTER}"
"55",1055,44,2,11,15,18,1,1,22,"{SHIFT}At{SPACE}first{SPACE}{SHIFT}I{SPACE}used{SPACE}my{SPACE}hands{SPACE}as{SPACE}symbols{SPACE}and{SPACE}then{SPACE}{SHIFT}I{SPACE}started{SPACE}just{SPACE}remembering{SPACE}either{SPACE}{SHIFT}H{,}{SPACE}{SHIFT}M{,}{SPACE}{SHIFT}or{SPACE}{SHIFT}L{ENTER}"
"56",1056,44,5,12,17,15,3,2,27,"i{SPACE}would{SPACE}basically{SPACE}play{SPACE}the{SPACE}sounds{SPACE}back{SPACE}in{SPACE}my{SPACE}mind{SPACE}or{SPACE}make{SPACE}visualize{SPACE}clicking{SPACE}the{SPACE}boxes{SPACE}in{SPACE}certain{SPACE}orders{SPACE}would{SPACE}also{SPACE}take{SPACE}advantage{SPACE}of{SPACE}the{SPACE}time{SPACE}when{SPACE}picking{SPACE}true{SPACE}or{SPACE}false{SPACE}to{SPACE}think{SPACE}about{SPACE}previous{SPACE}sounds{SPACE}played{ENTER}"
"57",1057,33,1,12,14,7,1,0,7,"remembered{SPACE}the{SPACE}first{SPACE}and{SPACE}last{SPACE}tones{ENTER}"
"58",1058,35,4,14,9,12,4,0,10,"{SHIFT}I{SPACE}tried{SPACE}to{SPACE}member{SPACE}if{SPACE}it{SPACE}was{SPACE}high{SPACE}or{SPACE}low{SPACE}when{SPACE}ever{.}{SPACE}{SHIFT}I{SPACE}also{SPACE}tried{SPACE}to{SPACE}remember{SPACE}the{SPACE}pattern{ENTER}"
"59",1300,63,13,23,20,20,4,9,38,"assigning{SPACE}tones{SPACE}to{SPACE}my{SPACE}fingers{SPACE}and{SPACE}memorizing{SPACE}the{SPACE}tapping{SPACE}patterns{ENTER}"
"60",1301,65,2,18,22,25,2,0,46,"{SHIFT}{SHIFT}{SHIFT}{SHIFT}{SHIFT}{SHIFT}I{SPACE}repeated{SPACE}the{SPACE}names{SPACE}of{SPACE}the{SPACE}tones{SPACE}{SHIFT}{(}h{SHIFT}{SHIFT}{SHIFT}{SHIFT}s{SPACE}{-}{SPACE}high{,}{SPACE}low{,}{SPACE}medium{SPACE}{-}{SPACE}and{SPACE}strung{SPACE}them{SPACE}together{SPACE}as{SPACE}{SHIFT}I{SPACE}completed{SPACE}the{SPACE}math{SPACE}exercises{.}{SPACE}{SHIFT}{SHIFT}{SHIFT}The{SPACE}names{SPACE}of{SPACE}the{SPACE}tones{SPACE}were{SPACE}easier{SPACE}to{SPACE}remember{SPACE}than{SPACE}singing{SPACE}them{SPACE}back{SPACE}in{SPACE}my{SPACE}head{,}{SPACE}for{SPACE}example{SHIFT}{.}{SPACE}{SHIFT}That{SPACE}was{SPACE}a{SPACE}strategy{SPACE}{SHIFT}I{SPACE}used{SPACE}first{,}{SPACE}but{SPACE}since{SPACE}the{SPACE}tones{SPACE}{SHIFT}don{'}t{SPACE}make{SPACE}tonal{SPACE}sense{,}{SPACE}and{SPACE}are{SPACE}so{SPACE}disjunct{SPACE}{SHIFT}{(}in{SPACE}space{SPACE}and{SPACE}time{SHIFT}{SHIFT}{)}{,}{SPACE}{SHIFT}I{SPACE}made{SPACE}less{SPACE}mistake"
"61",1302,57,10,23,17,17,9,1,37,"{ENTER}"
"62",1303,71,1,23,23,25,1,0,63,"{CAPSLOCK}I{CAPSLOCK}{SPACE}used{SPACE}three{SPACE}fingers{SPACE}after{SPACE}each{SPACE}math{SPACE}problem{SPACE}and{SPACE}if{SPACE}the{SPACE}tone{SPACE}was{SPACE}high{,}medium{,}or{SPACE}low{SPACE}i{SPACE}would{SPACE}place{SPACE}my{SPACE}fingers{SPACE}according{SPACE}to{SPACE}the{SPACE}tone{.}{SPACE}{CAPSLOCK}S{CAPSLOCK}o{SPACE}if{SPACE}my{SPACE}first{SPACE}tone{SPACE}is{SPACE}high{,}{SPACE}my{SPACE}first{SPACE}finger{SPACE}will{SPACE}be{SPACE}the{SPACE}place{SPACE}at{SPACE}the{SPACE}highest{SPACE}part{SPACE}on{SPACE}the{SPACE}table{,}{SPACE}then{SPACE}if{SPACE}my{SPACE}second{SPACE}tone{SPACE}is{SPACE}low{,}{SPACE}my{SPACE}second{SPACE}finger{SPACE}will{SPACE}be{SPACE}the{SPACE}lowest{SPACE}height{.}{SPACE}{CAPSLOCK}F{CAPSLOCK}or{SPACE}the{SPACE}repeat{SPACE}tones{,}{SPACE}i{SPACE}would{SPACE}tap{SPACE}my{SPACE}fingers{ENTER}"
"63",1304,63,7,20,23,20,6,1,44,"{SHIFT}I{SPACE}used{SPACE}the{SPACE}fingers{SPACE}on{SPACE}my{SPACE}left{SPACE}hand{SPACE}as{SPACE}if{SPACE}i{SPACE}was{SPACE}playing{SPACE}three{SPACE}different{SPACE}notes{SPACE}on{SPACE}a{SPACE}piano{SPACE}to{SPACE}help{SPACE}remember{SPACE}the{SPACE}patterns{SPACE}and{SPACE}tones{.}{ENTER}"
"64",1305,60,6,19,22,19,4,2,50,"{ENTER}"
"65",1306,44,2,11,16,17,2,0,18,"i{SPACE}would{SPACE}repaet{SPACE}the{SPACE}sounds{SPACE}in{SPACE}my{SPACE}head{SPACE}as{SPACE}i{SPACE}would{SPACE}say{SPACE}them{SPACE}as{SPACE}a{SPACE}new{SPACE}one{SPACE}would{SPACE}come{SPACE}so{SPACE}i{SPACE}would{SPACE}always{SPACE}be{SPACE}repeating{SPACE}also{SPACE}counting{SPACE}them{SPACE}so{SPACE}i{SPACE}dont{SPACE}forget{SPACE}how{SPACE}many{SPACE}notes{SPACE}were{SPACE}played{ENTER}"
"66",1307,55,1,22,22,11,1,0,37,"{SHIFT}After{SPACE}every{SPACE}problem{SPACE}{SHIFT}I{SPACE}repeated{SPACE}the{SPACE}sequence{SPACE}of{SPACE}the{SPACE}tone{SPACE}that{SPACE}was{SPACE}played{SPACE}and{SPACE}tried{SPACE}to{SPACE}repeat{SPACE}it{SPACE}before{SPACE}solving{SPACE}each{SPACE}problem{SPACE}so{SPACE}that{SPACE}{SHIFT}I{SPACE}can{SPACE}continue{SPACE}to{SPACE}remember{SPACE}the{SPACE}order{ENTER}"
"67",1308,75,4,25,25,25,2,2,75,"{SHIFT}I{SPACE}used{SPACE}three{SPACE}fingers{SPACE}of{SPACE}my{SPACE}left{SPACE}hand{SPACE}to{SPACE}represent{SPACE}each{SPACE}pitch{SPACE}and{SPACE}{SHIFT}I{SPACE}would{SPACE}tap{SPACE}out{SPACE}the{SPACE}sequence{SPACE}as{SPACE}well{SPACE}as{SPACE}saying{SPACE}it{SPACE}in{SPACE}my{SPACE}head{ENTER}"
"68",1309,72,0,22,25,25,0,0,70,"{SHIFT}I{SPACE}used{SPACE}my{SPACE}left{SPACE}pinky{,}{SPACE}middle{SPACE}finger{,}{SPACE}and{SPACE}thumb{SPACE}to{SPACE}designate{SPACE}the{SPACE}{SHIFT}{SHIFT}low{,}{SPACE}middle{,}{SPACE}and{SPACE}high{SPACE}tones{SPACE}respectively{.}{SPACE}{SHIFT}I{SPACE}then{SPACE}{SHIFT}would{SPACE}repeat{SPACE}the{SPACE}pattern{SPACE}one{SPACE}time{SPACE}before{SPACE}each{SPACE}math{SPACE}problem{.}{SPACE}{ENTER}"
"69",1310,53,7,18,17,18,6,1,37,"{SHIFT}I{SPACE}kept{SPACE}track{SPACE}of{SPACE}how{SPACE}many{SPACE}tones{SPACE}there{SPACE}were{SPACE}on{SPACE}my{SPACE}fingers{SPACE}as{SPACE}{SHIFT}I{SPACE}went{.}{SPACE}{SHIFT}I{SPACE}also{SPACE}repeated{SPACE}them{SPACE}as{SPACE}a{SPACE}sequence{SPACE}in{SPACE}my{SPACE}head{SPACE}while{SPACE}solving{SPACE}the{SPACE}math{SPACE}problems{SPACE}{SHIFT}{(}{SHIFT}{QUOTE}low{-}middle{-}high{,}{SPACE}repeated{SPACE}until{SPACE}it{SPACE}was{SPACE}time{SPACE}to{SPACE}input{SPACE}the{SPACE}answer{SHIFT}{)}{.}{ENTER}"
"70",1311,49,4,16,13,20,3,1,38,"{SHIFT}whenever{SPACE}each{SPACE}tone{SPACE}was{SPACE}played{SPACE}{SHIFT}I{SPACE}would{SPACE}mouth{SPACE}the{SPACE}word{SPACE}of{SPACE}the{SPACE}pitch{SPACE}{SHIFT}{QUOTE}{SHIFT}{QUOTE}high{.}{.}{SPACE}low{.}{.}{SPACE}medium{.}{.}{SPACE}etc{.}{SPACE}and{SPACE}each{SPACE}time{SPACE}a{SPACE}new{SPACE}pitch{SPACE}was{SPACE}played{SPACE}{SHIFT}I{SPACE}was{SPACE}repeat{SPACE}the{SPACE}pitch{SPACE}from{SPACE}the{SPACE}beginning{SPACE}and{SPACE}add{SPACE}the{SPACE}new{SPACE}one{SPACE}to{SPACE}it{.}{SPACE}{SHIFT}Like{SPACE}{SHIFT}I{SPACE}was{SPACE}listing{SPACE}something{.}{SPACE}{SHIFT}It{SPACE}also{SPACE}helped{SPACE}me{SPACE}to{SPACE}keep{SPACE}track{SPACE}on{SPACE}my{SPACE}hand{SPACE}how{SPACE}many{SPACE}tones{SPACE}were{SPACE}played{.}{ENTER}"
"71",1312,53,8,13,18,22,5,3,32,"{SHIFT}I{SPACE}just{SPACE}memorized{SPACE}the{SPACE}order{SPACE}using{SPACE}the{SPACE}first{SPACE}letters{SPACE}{SHIFT}H{,}{SHIFT}{SHIFT}M{,}{SHIFT}L{,}{SPACE}etc{.}{SPACE}{SHIFT}I{SPACE}also{SPACE}would{SPACE}think{SPACE}of{SPACE}m{SPACE}n{SPACE}m{SPACE}candies{SPACE}if{SPACE}{SHIFT}I{SPACE}heard{SPACE}m{SPACE}before{SPACE}h{,}{SPACE}or{SPACE}think{SPACE}of{SPACE}the{SPACE}store{SPACE}h{SPACE}and{SPACE}m{SPACE}if{SPACE}{SHIFT}I{SPACE}heard{SPACE}h{SPACE}before{SPACE}m{.}{SPACE}{ENTER}"
"72",500,72,7,24,25,23,6,1,62,"No Data Collected"
"73",501,57,2,17,19,21,2,0,41,"No Data Collected"
"74",502,65,3,22,19,24,2,1,48,"No Data Collected"
"75",503,64,4,25,18,21,0,4,46,"No Data Collected"
"76",504,73,12,24,25,24,9,3,62,"No Data Collected"
"77",505,15,1,4,9,2,1,0,3,"No Data Collected"
"78",506,59,6,16,25,18,6,0,51,"No Data Collected"
"79",507,71,2,25,25,21,2,0,62,"No Data Collected"
"80",508,56,5,21,19,16,4,1,28,"No Data Collected"
"81",509,63,7,18,22,23,7,0,45,"No Data Collected"
"82",510,48,2,15,18,15,2,0,23,"No Data Collected"
"83",511,68,4,20,25,23,2,2,61,"No Data Collected"
"84",512,58,8,18,18,22,5,3,43,"No Data Collected"
"85",513,73,4,23,25,25,4,0,69,"No Data Collected"
"86",514,63,6,16,22,25,5,1,56,"No Data Collected"
"87",515,62,5,20,23,19,3,2,43,"No Data Collected"
"88",516,64,5,20,20,24,4,1,47,"No Data Collected"
"89",517,68,1,23,20,25,1,0,55,"No Data Collected"
"90",518,65,2,18,23,24,2,0,39,"No Data Collected"
"91",519,66,2,17,25,24,1,1,52,"No Data Collected"
"92",520,67,7,21,22,24,5,2,48,"No Data Collected"
"93",521,60,6,20,19,21,5,1,22,"No Data Collected"
"94",522,69,3,25,19,25,2,1,63,"No Data Collected"
"95",523,61,5,18,20,23,5,0,43,"No Data Collected"
"96",524,50,2,10,19,21,2,0,26,"No Data Collected"
"97",525,68,3,20,24,24,2,1,49,"No Data Collected"
"98",526,57,11,17,18,22,11,0,19,"No Data Collected"
"99",527,49,9,17,10,22,8,1,29,"No Data Collected"
"100",528,64,3,23,18,23,2,1,44,"No Data Collected"
"101",529,57,8,18,17,22,6,2,28,"No Data Collected"
"102",530,69,2,21,23,25,2,0,56,"No Data Collected"
"103",531,70,7,23,22,25,5,2,66,"No Data Collected"
"104",532,47,5,12,13,22,5,0,22,"No Data Collected"
"105",533,64,9,20,20,24,5,4,51,"No Data Collected"
"106",534,63,7,19,22,22,2,5,42,"No Data Collected"
"107",535,44,3,17,12,15,3,0,18,"No Data Collected"
"108",536,69,5,22,22,25,4,1,49,"No Data Collected"
"109",537,50,7,19,16,15,6,1,32,"No Data Collected"
"110",538,52,5,14,19,19,4,1,17,"No Data Collected"
"111",539,66,10,17,24,25,7,3,57,"No Data Collected"
"112",540,67,3,21,23,23,2,1,48,"No Data Collected"
"113",541,57,1,19,19,19,0,1,31,"No Data Collected"
"114",542,74,4,24,25,25,3,1,68,"No Data Collected"
"115",543,30,6,10,11,9,3,3,7,"No Data Collected"
"116",544,52,1,14,21,17,1,0,30,"No Data Collected"
"117",545,65,8,23,21,21,7,1,51,"No Data Collected"
"118",546,24,6,10,7,7,4,2,4,"No Data Collected"
"119",547,43,13,16,8,19,11,2,21,"No Data Collected"
"120",548,61,9,19,17,25,8,1,51,"No Data Collected"
"121",549,72,8,24,25,23,7,1,61,"No Data Collected"
"122",550,70,4,20,25,25,3,1,64,"No Data Collected"
"123",551,74,1,25,24,25,1,0,68,"No Data Collected"
"124",552,71,2,25,24,22,1,1,61,"No Data Collected"
"125",553,55,3,17,18,20,1,2,34,"No Data Collected"
"126",554,64,0,19,20,25,0,0,56,"No Data Collected"
"127",555,59,4,19,21,19,4,0,33,"No Data Collected"
"128",556,43,10,11,13,19,7,3,15,"No Data Collected"
"129",700,65,4,20,25,20,3,1,50,"No Data Collected"
"130",701,66,5,22,19,25,3,2,50,"No Data Collected"
"131",702,66,5,22,22,22,5,0,56,"No Data Collected"
"132",703,69,10,22,22,25,7,3,61,"No Data Collected"
"133",704,63,5,19,25,19,5,0,46,"No Data Collected"
"134",705,53,10,17,16,20,7,3,39,"No Data Collected"
"135",706,63,5,17,22,24,4,1,51,"No Data Collected"
"136",707,62,3,18,21,23,2,1,45,"No Data Collected"
"137",708,50,9,15,17,18,8,1,23,"No Data Collected"
"138",709,61,4,25,21,15,3,1,50,"No Data Collected"
"139",710,35,7,12,14,9,5,2,4,"No Data Collected"
"140",711,49,4,13,16,20,4,0,29,"No Data Collected"
"141",712,57,8,17,16,24,4,4,30,"No Data Collected"
"142",713,59,4,15,19,25,4,0,40,"No Data Collected"
"143",714,57,5,13,23,21,5,0,50,"No Data Collected"
"144",715,75,5,25,25,25,5,0,75,"No Data Collected"
"145",716,66,5,24,21,21,3,2,54,"No Data Collected"
"146",717,61,5,25,18,18,4,1,49,"No Data Collected"
"147",718,55,4,19,19,17,2,2,38,"No Data Collected"
"148",719,68,3,21,22,25,3,0,50,"No Data Collected"
"149",720,63,5,20,21,22,2,3,37,"No Data Collected"
"150",721,60,6,19,20,21,4,2,41,"{SHIFT}I{SPACE}used{SPACE}my{SPACE}fingers{SPACE}as{SPACE}if{SPACE}{SHIFT}I{SPACE}were{SPACE}playing{SPACE}piano{SPACE}with{SPACE}the{SPACE}low{SPACE}being{SPACE}my{SPACE}left{SPACE}pinkie{,}{SPACE}the{SPACE}middle{SPACE}being{SPACE}my{SPACE}left{SPACE}middle{SPACE}finger{,}{SPACE}and{SPACE}the{SPACE}high{SPACE}being{SPACE}my{SPACE}left{SPACE}thumb{SPACE}pressing{SPACE}them{SPACE}on{SPACE}the{SPACE}table{SPACE}when{SPACE}i{SPACE}heard{SPACE}the{SPACE}sounds{.}{SPACE}{ENTER}"
"151",722,69,9,22,22,25,6,3,61,"{ENTER}"
"152",723,61,6,16,20,25,4,2,47,"{SHIFT}I{SPACE}repeated{SPACE}the{SPACE}order{SPACE}of{SPACE}the{SPACE}pitches{SPACE}while{SPACE}solving{SPACE}the{SPACE}math{SPACE}problems{.}{SPACE}{SHIFT}I{SPACE}was{SPACE}solving{SPACE}the{SPACE}math{SPACE}problems{SPACE}in{SPACE}the{SPACE}back{SPACE}of{SPACE}my{SPACE}mind{,}{SPACE}not{SPACE}putting{SPACE}as{SPACE}much{SPACE}effort{SPACE}into{SPACE}that{SPACE}as{SPACE}much{SPACE}as{SPACE}{SHIFT}I{SPACE}was{SPACE}memorizing{SPACE}the{SPACE}pitches{.}{ENTER}"
"153",724,62,6,20,23,19,5,1,43,"{ENTER}"
"154",725,67,4,22,25,20,1,3,62,"{SHIFT}For{SPACE}the{SPACE}most{SPACE}part{SPACE}{SHIFT}I{SPACE}could{SPACE}remember{SPACE}the{SPACE}shape{SPACE}of{SPACE}the{SPACE}line{SPACE}between{SPACE}tones{.}{SPACE}{SHIFT}{SHIFT}The{SPACE}pattern{SPACE}of{SPACE}{SHIFT}Low{SPACE}{SHIFT}High{SPACE}{SHIFT}Middle{SPACE}{SHIFT}I{SPACE}remember{SPACE}as{SPACE}{SHIFT}the{SPACE}{SHIFT}NBC{SPACE}tune{.}{SPACE}{SHIFT}But{SPACE}{SHIFT}I{SPACE}for{SPACE}the{SPACE}most{SPACE}part{SPACE}just{SPACE}got{SPACE}the{SPACE}contour{SPACE}of{SPACE}the{SPACE}series{,}{SPACE}which{SPACE}is{SPACE}simple{SPACE}with{SPACE}only{SPACE}three{SPACE}tones{.}{SPACE}{SHIFT}It{SPACE}would{SPACE}be{SPACE}much{SPACE}more{SPACE}difficult{SPACE}if{SPACE}there{SPACE}were{SPACE}any{SPACE}more{.}{SPACE}{SHIFT}{ENTER}"
"155",726,58,3,16,20,22,3,0,33,"{SHIFT}I{SPACE}sped{SPACE}up{SPACE}the{SPACE}tones{SPACE}in{SPACE}my{SPACE}head{SPACE}to{SPACE}bunch{SPACE}them{SPACE}together{.}{SPACE}{SHIFT}I{SPACE}also{SPACE}used{SPACE}my{SPACE}fingers{SPACE}to{SPACE}feel{SPACE}the{SPACE}pattern{SPACE}in{SPACE}an{SPACE}imaginary{SPACE}piano{SPACE}on{SPACE}the{SPACE}desk{.}{SPACE}{ENTER}"
"156",727,69,6,22,22,25,4,2,58,"{SHIFT}I{SPACE}had{SPACE}a{SPACE}counting{SPACE}system{SPACE}for{SPACE}the{SPACE}tones{SPACE}on{SPACE}my{SPACE}left{SPACE}hand{.}{SPACE}{SHIFT}A{SPACE}finger{SPACE}folded{SPACE}in{SPACE}was{SPACE}{SHIFT}low{,}{SPACE}bent{SPACE}was{SPACE}medium{,}{SPACE}stretched{SPACE}was{SPACE}high{ENTER}"
"157",728,63,3,17,21,25,2,1,50,"i{SPACE}used{SPACE}visual{SPACE}references{,}{SPACE}so{SPACE}low{SPACE}was{SPACE}left{,}{SPACE}mid{SPACE}was{SPACE}middle{SPACE}and{SPACE}high{SPACE}was{SPACE}right{.}{SPACE}{SHIFT}{SHIFT}{SHIFT}{SHIFT}{SHIFT}MLH{SPACE}was{SPACE}easier{SPACE}to{SPACE}remember{SPACE}as{SPACE}middle{,}{SPACE}left{,}{SPACE}right{ENTER}"
"158",729,74,4,25,25,24,3,1,68,"{SHIFT}{SHIFT}I{SPACE}just{SPACE}tried{SPACE}to{SPACE}remember{SPACE}patterns{SPACE}in{SPACE}the{SPACE}melodies{SPACE}if{SPACE}any{SPACE}patterns{SPACE}existed{.}{ENTER}"
"159",730,56,9,17,17,22,6,3,32,"{CAPSLOCK}I{CAPSLOCK}{SPACE}tried{SPACE}to{SPACE}hum{SPACE}the{SPACE}tones{SPACE}{ENTER}"
"160",731,61,7,19,22,20,6,1,42,"i{SPACE}associated{SPACE}the{SPACE}tones{SPACE}with{SPACE}different{SPACE}fingers{SPACE}on{SPACE}my{SPACE}left{SPACE}hand{-}{SPACE}low{SPACE}was{SPACE}my{SPACE}pointer{SPACE}finger{,}{SPACE}middle{SPACE}was{SPACE}my{SPACE}middle{SPACE}finger{,}{SPACE}and{SPACE}high{SPACE}was{SPACE}my{SPACE}ring{SPACE}finger{-}{SPACE}and{SPACE}pressed{SPACE}down{SPACE}the{SPACE}appropriate{SPACE}finger{SPACE}when{SPACE}that{SPACE}tone{SPACE}was{SPACE}playing{SPACE}like{SPACE}on{SPACE}a{SPACE}piano{SPACE}and{SPACE}{CAPSLOCK}I{CAPSLOCK}{SPACE}tapped{SPACE}out{SPACE}the{SPACE}pattern{SPACE}inbetween{SPACE}the{SPACE}math{SPACE}questions{SPACE}to{SPACE}remember{SPACE}them{.}{ENTER}"
"161",732,71,3,24,22,25,2,1,55,"associated{SPACE}the{SPACE}note{SPACE}patterns{SPACE}with{SPACE}finger{SPACE}patterns{.}{SPACE}the{SPACE}fingers{SPACE}became{SPACE}secondary{,}{SPACE}which{SPACE}allowed{SPACE}me{SPACE}to{SPACE}focus{SPACE}on{SPACE}the{SPACE}math{.}{ENTER}"
"162",733,51,20,16,16,19,17,3,18,"{SHIFT}In{SPACE}between{SPACE}math{SPACE}problems{SPACE}{SHIFT}I{SPACE}tried{SPACE}to{SPACE}mentally{SPACE}repeat{SPACE}all{SPACE}the{SPACE}tones{SPACE}{SHIFT}I{SPACE}already{SPACE}heard{SPACE}up{SPACE}until{SPACE}that{SPACE}point{ENTER}"
"163",734,46,7,16,18,12,6,1,24,"just{SPACE}memorization{SPACE}of{SPACE}melodic{SPACE}tones{SPACE}and{SPACE}matching{SPACE}the{SPACE}order{SPACE}in{SPACE}my{SPACE}head{ENTER}"
"164",735,67,1,25,19,23,1,0,62,"{SHIFT}{SHIFT}As{SPACE}{SHIFT}I{SPACE}went{SPACE}from{SPACE}problem{SPACE}to{SPACE}problem{,}{SPACE}{SHIFT}I{SPACE}replayed{SPACE}the{SPACE}previous{SPACE}notes{SPACE}in{SPACE}my{SPACE}hea{LEFTARROW}{LEFTARROW}{LEFTARROW}{LEFTARROW}{LEFTARROW}{LEFTARROW}d{.}{ENTER}"
"165",736,55,18,18,13,24,17,1,30,"{SHIFT}I{SPACE}memorized{SPACE}the{SPACE}solfedge{SPACE}of{SPACE}the{SPACE}notes{SPACE}{SHIFT}{(}{SHIFT}G{/}{SHIFT}F{SHIFT}{#}{/}f{SHIFT}{SHIFT}{)}{SHIFT}{)}{ENTER}"
"166",737,22,9,12,4,6,8,1,3,"{SHIFT}{SHIFT}Repeated{SPACE}the{SPACE}name{SPACE}of{SPACE}the{SPACE}tone{SPACE}{SHIFT}{SPACE}after{SPACE}each{SPACE}time{SPACE}it{SPACE}was{SPACE}played{.}{ENTER}"
"167",738,48,12,18,12,18,10,2,24,"tried{SPACE}rehearsing{SPACE}l{,}m{,}h{SPACE}patterns{SPACE}or{SPACE}1{,}2{,}3{SPACE}patterns{.}{SPACE}also{SPACE}tapped{SPACE}fingers{SPACE}ordered{SPACE}123{SPACE}in{SPACE}the{SPACE}pattern{SPACE}the{SPACE}tones{SPACE}played{ENTER}"
"168",739,67,7,20,25,22,4,3,57,"{SHIFT}I{SPACE}came{SPACE}up{SPACE}with{SPACE}a{SPACE}system{SPACE}that{SPACE}added{SPACE}each{SPACE}different{SPACE}register{SPACE}played{SPACE}and{SPACE}would{SPACE}repeat{SPACE}it{SPACE}back{SPACE}to{SPACE}myself{SPACE}as{SPACE}each{SPACE}new{SPACE}pitch{SPACE}was{SPACE}added{ENTER}"
"169",740,71,3,21,25,25,3,0,62,"{SHIFT}{SHIFT}I{SPACE}pictured{SPACE}the{SPACE}three{SPACE}boxes{SPACE}and{SPACE}after{SPACE}every{SPACE}tone{SPACE}would{SPACE}go{SPACE}back{SPACE}and{SPACE}add{SPACE}it{SPACE}after{SPACE}the{SPACE}ones{SPACE}prior{.}{SPACE}{ENTER}"
"170",741,70,5,23,25,22,4,1,57,"{SHIFT}I{SPACE}created{SPACE}signals{SPACE}on{SPACE}my{SPACE}fingers{SPACE}to{SPACE}indicate{SPACE}the{SPACE}pitches{SPACE}in{SPACE}order{SPACE}to{SPACE}retain{SPACE}their{SPACE}order{.}{ENTER}"
"171",742,72,4,24,25,23,4,0,62,"{SHIFT}I{SPACE}kept{SPACE}repeating{SPACE}{SHIFT}{QUOTE}low{,}{SPACE}high{,}{SPACE}or{SPACE}middle{SHIFT}{QUOTE}{SPACE}in{SPACE}as{SPACE}{SHIFT}I{SPACE}completed{SPACE}the{SPACE}math{SPACE}problems{SPACE}in{SPACE}the{SPACE}order{SPACE}presented{.}{ENTER}"
"172",900,64,5,24,17,23,4,1,53,"assigned{SPACE}each{SPACE}note{SPACE}a{SPACE}finger{SPACE}and{SPACE}would{SPACE}press{SPACE}it{SPACE}like{SPACE}a{SPACE}piano{SPACE}or{SPACE}keyboard{SPACE}when{SPACE}it{SPACE}was{SPACE}made{,}{SPACE}and{SPACE}then{SPACE}remember{SPACE}the{SPACE}order{.}{SPACE}{SPACE}{SHIFT}Also{,}{SPACE}{SHIFT}I{SPACE}would{SPACE}repeat{SPACE}the{SPACE}orders{SPACE}aloud{SPACE}{SHIFT}{.}{ENTER}"
"173",901,40,6,15,20,5,5,1,21,"{SHIFT}After{SPACE}{SHIFT}I{SPACE}heard{SPACE}the{SPACE}sound{SPACE}{SHIFT}I{SPACE}would{SPACE}say{SPACE}{SHIFT}{QUOTE}low{SPACE}high{SPACE}{SPACE}or{SPACE}medium{SPACE}in{SPACE}my{SPACE}head{.}{SPACE}{SHIFT}{SHIFT}But{SPACE}eventually{SPACE}{SHIFT}I{SPACE}would{SPACE}forget{SPACE}after{SPACE}about{SPACE}4{SPACE}{ENTER}"
"174",902,38,6,9,18,11,4,2,7,"{SHIFT}I{SPACE}recited{SPACE}in{SPACE}my{SPACE}head{SPACE}either{SPACE}{SHIFT}L{,}{SHIFT}M{,}or{SHIFT}{SPACE}H{SPACE}to{SPACE}remember{SPACE}the{SPACE}order{SPACE}of{SPACE}the{SPACE}tones{SPACE}because{SPACE}it{SPACE}is{SPACE}easier{SPACE}than{SPACE}saying{SPACE}low{,}{SPACE}medium{,}{SPACE}or{SPACE}high{.}{SPACE}{ENTER}"
"175",903,69,3,23,24,22,2,1,57,"after{SPACE}each{SPACE}tone{SPACE}i{SPACE}kept{SPACE}repeating{SPACE}which{SPACE}tone{SPACE}was{SPACE}played{ENTER}"
"176",904,31,9,8,11,12,7,2,6,"{ENTER}"
"177",905,46,7,15,18,13,6,1,24,"{SHIFT}I{SPACE}{SHIFT}Repeated{SPACE}{SHIFT}{(}ex{.}lo{SHIFT}{SHIFT}{SHIFT}ex{.}low{SPACE}medium{SPACE}high{SPACE}in{SPACE}my{SPACE}head{SPACE}as{SPACE}i{SPACE}was{SPACE}doing{SPACE}the{SPACE}problems{ENTER}"
"178",906,42,7,14,12,16,7,0,15,"using{SPACE}fingers{SPACE}to{SPACE}keep{SPACE}track{ENTER}"
"179",907,71,4,24,22,25,2,2,61,"{SHIFT}I{SPACE}assigned{SPACE}numbers{SPACE}to{SPACE}the{SPACE}pitches{SHIFT}{:}{SPACE}high{SPACE}{=}{SPACE}3{SPACE}medium{SPACE}{=}{SPACE}2{SPACE}and{SPACE}low{SPACE}{=}{SPACE}1{.}{SPACE}{SHIFT}I{SPACE}constantly{SPACE}recited{SPACE}the{SPACE}pattern{SPACE}of{SPACE}numbers{SPACE}over{SPACE}and{SPACE}over{SPACE}in{SPACE}my{SPACE}head{SPACE}after{SPACE}each{SPACE}sound{SPACE}was{SPACE}presented{.}{ENTER}"
"180",908,57,5,17,16,24,5,0,47,"i{SPACE}played{SPACE}a{SPACE}song{SPACE}with{SPACE}the{SPACE}notes{SPACE}in{SPACE}my{SPACE}mind{.}{SPACE}1{SPACE}high{SPACE}2{SPACE}low{SPACE}3{SPACE}med{.}{ENTER}"
"181",909,60,9,15,22,23,7,2,37,"repeating{SPACE}after{SPACE}bconverting{SPACE}tones{SPACE}to{SPACE}letters{ENTER}"
"182",910,45,3,16,17,12,3,0,11,"treid{SPACE}to{SPACE}repeatedly{SPACE}say{SPACE}the{SPACE}tunes{SPACE}i{SPACE}heard{SPACE}as{SPACE}{SHIFT}I{SPACE}was{SPACE}doing{SPACE}my{SPACE}math{SPACE}problems{.}{SPACE}{ENTER}"
"183",911,39,6,8,17,14,5,1,20,"as{SPACE}each{SPACE}tone{SPACE}appeared{SPACE}{SHIFT}I{SPACE}would{SPACE}try{SPACE}to{SPACE}remember{SPACE}their{SPACE}order{SPACE}by{SPACE}ranking{SPACE}them{SPACE}from{SPACE}low{,}medium{,}highin{SPACE}the{SPACE}order{SPACE}they{SPACE}appeared{ENTER}"
"184",912,20,3,9,5,6,1,2,7,"{ENTER}"
"185",913,22,7,5,8,9,3,4,0,"{SHIFT}{SHIFT}{SHIFT}{SHIFT}I{SPACE}really{SPACE}didnt{SPACE}have{SPACE}any{SPACE}strategies{.}{ENTER}"
"186",914,47,3,17,14,16,3,0,22,"{SHIFT}I{SPACE}continued{SPACE}to{SPACE}repeat{SPACE}them{SPACE}as{SPACE}{SHIFT}they{SPACE}came{SPACE}up{SPACE}and{SPACE}solved{SPACE}the{SPACE}math{SPACE}as{SPACE}fast{SPACE}as{SPACE}possible{ENTER}"
"187",915,53,6,16,18,19,6,0,19,"{ENTER}"
"188",916,52,5,18,19,15,4,1,21,"{ENTER}"
"189",917,56,1,19,20,17,0,1,28,"{SHIFT}At{SPACE}first{SPACE}{SHIFT}I{SPACE}would{SPACE}use{SPACE}my{SPACE}3{SPACE}fingers{SPACE}to{SPACE}tap{SPACE}which{SPACE}tone{SPACE}it{SPACE}was{SPACE}and{SPACE}try{SPACE}to{SPACE}repeat{SPACE}it{SPACE}on{SPACE}the{SPACE}screen{.}{SPACE}the{SPACE}3{SPACE}fingers{SPACE}were{SPACE}in{SPACE}order{SPACE}of{SPACE}low{SPACE}to{SPACE}high{.}{SPACE}but{SPACE}i{SPACE}eventually{SPACE}would{SPACE}move{SPACE}my{SPACE}mouse{SPACE}to{SPACE}the{SPACE}area{SPACE}of{SPACE}where{SPACE}the{SPACE}check{SPACE}box{SPACE}was{SPACE}when{SPACE}the{SPACE}sound{SPACE}appeared{.}{ENTER}"
"190",918,36,4,17,8,11,2,2,9,"remembered{SPACE}high{SPACE}as{SPACE}h{,}{SPACE}low{SPACE}as{SPACE}l{,}{SPACE}and{SPACE}middle{SPACE}as{SPACE}m{SPACE}and{SPACE}as{SPACE}{SPACE}{CAPSLOCK}{CAPSLOCK}{CAPSLOCK}I{CAPSLOCK}{SPACE}heard{SPACE}the{SPACE}{CAPSLOCK}{CAPSLOCK}tone{SPACE}{CAPSLOCK}I{CAPSLOCK}{SPACE}memorized{SPACE}the{SPACE}letter{SPACE}and{SPACE}associated{SPACE}it{SPACE}with{SPACE}a{SPACE}word{ENTER}"
"191",919,41,3,18,14,9,2,1,15,"{CAPSLOCK}I{CAPSLOCK}{SPACE}tried{SPACE}to{SPACE}remember{SPACE}the{SPACE}sound{SPACE}in{SPACE}my{SPACE}head{SPACE}with{SPACE}the{SPACE}letter{SPACE}that{SPACE}the{SPACE}sound{SPACE}starts{SPACE}with{.}{ENTER}"
"192",920,65,1,23,23,19,0,1,45,"{SHIFT}Repeated{SPACE}the{SPACE}tones{SPACE}in{SPACE}order{SPACE}quickly{SPACE}in{SPACE}my{SPACE}head{SPACE}before{SPACE}solving{SPACE}each{SPACE}additional{SPACE}math{SPACE}problem{ENTER}"
"193",921,53,3,17,11,25,3,0,35,"{SHIFT}{SHIFT}I{SPACE}{SHIFT}{QUOTE}started{SPACE}internally{SPACE}singing{SPACE}the{SPACE}melodies{SPACE}of{SPACE}the{SPACE}tones{SPACE}while{SPACE}{SHIFT}I{SPACE}completed{SPACE}the{SPACE}math{SPACE}problems{.}{SPACE}{ENTER}"
"194",922,58,9,20,21,17,2,7,37,"{SHIFT}I{SPACE}tried{SPACE}to{SPACE}sing{SPACE}the{SPACE}tones{SPACE}in{SPACE}my{SPACE}head{SPACE}while{SPACE}{SHIFT}I{SPACE}was{SPACE}solving{SPACE}the{SPACE}math{SPACE}problems{.}{ENTER}"
"195",923,51,8,15,20,16,5,3,23,"none{ENTER}"
"196",924,64,4,21,21,22,3,1,44,"repetition{ENTER}"
"197",925,37,7,12,11,14,3,4,6,"{SHIFT}{SHIFT}I{SPACE}repeated{SPACE}the{SPACE}tone{SPACE}after{SPACE}each{SPACE}math{SPACE}problem{.}{ENTER}"
"198",926,53,11,16,19,18,5,6,32,"none{ENTER}"
"199",927,37,2,16,9,12,1,1,14,"{CAPSLOCK}I{CAPSLOCK}n{SPACE}this{SPACE}experiment{,}{SPACE}{CAPSLOCK}I{CAPSLOCK}{SPACE}tried{SPACE}to{SPACE}keep{SPACE}a{SPACE}small{SPACE}memory{SPACE}of{SPACE}what{SPACE}it{SPACE}sounded{SPACE}like{SPACE}before{SPACE}in{SPACE}my{SPACE}mind{SPACE}and{SPACE}would{SPACE}repeat{SPACE}it{SPACE}in{SPACE}my{SPACE}head{SPACE}as{SPACE}i{SPACE}do{SPACE}the{SPACE}math{SPACE}problems{.}{ENTER}"
"200",928,60,5,24,20,16,5,0,38,"{SHIFT}{SHIFT}I{SPACE}would{SPACE}mentally{SPACE}say{SPACE}whether{SPACE}the{SPACE}tone{SPACE}was{SPACE}high{SPACE}{,}{SPACE}medium{SPACE}or{SPACE}low{SPACE}after{SPACE}each{SPACE}sound{SPACE}then{SPACE}{SHIFT}I{SPACE}would{SPACE}try{SPACE}to{SPACE}say{SPACE}them{SPACE}in{SPACE}order{SPACE}in{SPACE}between{SPACE}math{SPACE}problems{ENTER}"
"201",929,61,4,22,21,18,2,2,38,"{SHIFT}I{SPACE}used{SPACE}my{SPACE}fingers{SPACE}like{SPACE}{SHIFT}I{SPACE}was{SPACE}{LEFTBRACKET}playing{SPACE}the{SPACE}piano{SHIFT}{-}{-}high{SPACE}notes{SPACE}were{SPACE}on{SPACE}my{SPACE}thumb{,}{SPACE}medium{SPACE}on{SPACE}my{SPACE}third{SPACE}finger{SPACE}and{SPACE}low{SPACE}on{SPACE}my{SPACE}pinky{.}{SPACE}{SHIFT}Two{SPACE}hands{SPACE}would{SPACE}have{SPACE}helped{SPACE}because{SPACE}{SHIFT}I{SPACE}could{SPACE}have{SPACE}used{SPACE}one{SPACE}to{SPACE}count{SPACE}and{SPACE}the{SPACE}other{SPACE}to{SPACE}play{SPACE}the{SPACE}rhythmn{.}{SPACE}{ENTER}"
"202",930,58,8,13,25,20,4,4,43,"move{SPACE}the{SPACE}mouse{SPACE}in{SPACE}correspondance{SPACE}with{SPACE}where{SPACE}the{SPACE}boxes{SPACE}would{SPACE}be{SPACE}a{SPACE}repeat{SPACE}the{SPACE}order{SPACE}of{SPACE}th{SPACE}tones{SPACE}over{SPACE}and{SPACE}over{ENTER}"
"203",931,43,24,15,12,16,23,1,17,"{ENTER}"
"204",932,36,9,10,17,9,7,2,17,"i{SPACE}tried{SPACE}to{SPACE}remember{SPACE}a{SPACE}game{SPACE}called{SPACE}high{SPACE}low{SPACE}when{SPACE}the{SPACE}tones{SPACE}were{SPACE}high{SPACE}then{SPACE}low{.}{SPACE}{ENTER}"
"205",933,45,9,11,15,19,8,1,14,"{SHIFT}{SHIFT}I{SPACE}kept{SPACE}track{SPACE}of{SPACE}each{SPACE}sound{SPACE}on{SPACE}my{SPACE}fingers{SPACE}s{SHIFT}{SHIFT}{.}{SPACE}{SHIFT}{ENTER}"
"206",934,23,1,9,7,7,1,0,6,"{ENTER}"
"207",935,54,2,18,20,16,0,2,28,"{CAPSLOCK}I{CAPSLOCK}{SPACE}kept{SPACE}repeating{SPACE}{SPACE}{CAPSLOCK}H{CAPSLOCK}{SPACE}for{SPACE}everytime{SPACE}{CAPSLOCK}I{CAPSLOCK}{SPACE}heard{SPACE}a{SPACE}{CAPSLOCK}{CAPSLOCK}{CAPSLOCK}{CAPSLOCK}{CAPSLOCK}HIGH{SPACE}{CAPSLOCK}tone{SPACE}a{SPACE}{CAPSLOCK}M{CAPSLOCK}{SPACE}for{SPACE}medium{SPACE}{SPACE}and{SPACE}an{SPACE}{CAPSLOCK}L{CAPSLOCK}{SPACE}for{SPACE}low{.}{SPACE}{CAPSLOCK}I{CAPSLOCK}t{SPACE}was{SPACE}easier{SPACE}to{SPACE}remember{SPACE}that{SPACE}way{.}{ENTER}"
"208",936,37,7,8,13,16,6,1,12,"{SHIFT}I{SPACE}thought{SPACE}about{SPACE}the{SPACE}fingers{SPACE}on{SPACE}my{SPACE}hand{SPACE}and{SPACE}my{SPACE}pinkie{SPACE}was{SPACE}for{SPACE}the{SPACE}low{SPACE}notes{,}{SPACE}my{SPACE}middle{SPACE}finger{SPACE}for{SPACE}the{SPACE}medi{LEFTARROW}{LEFTARROW}um{SPACE}notes{SPACE}and{SPACE}my{SPACE}thumb{SPACE}for{SPACE}the{SPACE}high{SPACE}notes{.}{ENTER}"
"209",937,62,2,23,18,21,2,0,29,"{CAPSLOCK}I{SPACE}{CAPSLOCK}tapped{SPACE}my{SPACE}fingers{SPACE}to{SPACE}match{SPACE}each{SPACE}tone{,}{SPACE}thumb{SPACE}for{SPACE}high{,}{SPACE}middle{SPACE}finger{SPACE}for{SPACE}middle{,}{SPACE}and{SPACE}pinky{SPACE}for{SPACE}low{SPACE}tone{.}{SPACE}{CAPSLOCK}I{CAPSLOCK}{SPACE}also{SPACE}repeated{SPACE}the{SPACE}tones{SPACE}before{SPACE}each{SPACE}math{SPACE}problem{.}{ENTER}"
"210",938,34,7,10,9,15,6,1,3,"i{SPACE}counted{SPACE}on{SPACE}my{SPACE}fingers{SPACE}how{SPACE}many{SPACE}problems{SPACE}i{SPACE}did{ENTER}"
"211",939,64,5,25,16,23,5,0,57,"i{SPACE}repeated{SPACE}the{SPACE}tone{SPACE}after{SPACE}each{SPACE}math{SPACE}problem{SPACE}{ENTER}"
"212",940,40,3,14,10,16,2,1,19,"{SHIFT}{ENTER}"
"213",941,36,3,10,15,11,3,0,10,"repeat{SPACE}sequences{SPACE}of{SPACE}tons{SPACE}in{SPACE}my{SPACE}head{SPACE}{ENTER}"
"214",942,33,3,11,9,13,3,0,13,"{SHIFT}Counting{SPACE}on{SPACE}my{SPACE}fingers{SPACE}for{SPACE}faster{SPACE}results{SPACE}and{SPACE}tapping{SPACE}the{SPACE}desking{SPACE}to{SPACE}which{SPACE}pitch{SPACE}the{SPACE}tone{SPACE}was{SPACE}in{SPACE}order{SPACE}of{SPACE}{SHIFT}{(}{SHIFT}low{SPACE}{SHIFT}{(}all{SPACE}the{SPACE}way{SPACE}to{SPACE}the{SPACE}left{SHIFT}{ENTER}"
"215",943,48,3,15,11,22,3,0,21,"{SHIFT}I{SPACE}just{SPACE}memorized{SPACE}the{SPACE}tones{.}{ENTER}"
"216",945,44,7,8,17,19,4,3,28,"focus{SPACE}on{SPACE}repeating{SPACE}each{SPACE}tone{SPACE}to{SPACE}myself{SPACE}after{SPACE}each{SPACE}math{SPACE}question{SPACE}in{SPACE}the{SPACE}sequence{SPACE}{CAPSLOCK}{CAPSLOCK}{CAPSLOCK}{CAPSLOCK}{CAPSLOCK}{CAPSLOCK}{CAPSLOCK}I{CAPSLOCK}{SPACE}heard{SPACE}before{ENTER}"
"217",946,29,12,11,5,13,11,1,8,"tried{SPACE}to{SPACE}repeat{SPACE}the{SPACE}note{SPACE}i{SPACE}recognized{SPACE}over{SPACE}and{SPACE}over{SPACE}in{SPACE}my{SPACE}head{,}{SPACE}also{SPACE}tried{SPACE}using{SPACE}my{SPACE}fingers{SPACE}to{SPACE}signify{SPACE}different{SPACE}notes{.}{SPACE}{ENTER}"
"218",947,46,6,7,19,20,5,1,10,"kept{SPACE}repeating{SPACE}them{SPACE}to{SPACE}myself{.}{ENTER}"
"219",948,63,9,22,19,22,6,3,38,"{SHIFT}I{SPACE}used{SPACE}{SHIFT}my{SPACE}fingers{SPACE}to{SPACE}remember{SPACE}different{SPACE}tones{ENTER}"
"220",949,58,3,15,21,22,2,1,41,"{CAPSLOCK}I{CAPSLOCK}{SPACE}had{SPACE}used{SPACE}my{SPACE}fingers{SPACE}to{SPACE}keep{SPACE}track{SPACE}of{SPACE}the{SPACE}sounds{SPACE}{CAPSLOCK}I{CAPSLOCK}{SPACE}had{SPACE}heard{SPACE}through{SPACE}the{SPACE}headphones{.}{LEFTARROW}{ENTER}"
"221",950,21,4,11,5,5,3,1,4,"{SHIFT}None{ENTER}"
"222",951,47,5,18,12,17,5,0,16,"{SHIFT}I{SPACE}used{SPACE}my{SPACE}fingers{SPACE}to{SPACE}remember{SPACE}the{SPACE}sounds{SPACE}in{SPACE}order{.}{SPACE}{ENTER}"
"223",952,63,5,20,24,19,3,2,40,"not{SPACE}paying{SPACE}so{SPACE}much{SPACE}attention{SPACE}to{SPACE}the{SPACE}math{SPACE}problem{/}repeating{SPACE}the{SPACE}tones{SPACE}as{SPACE}i{SPACE}do{SPACE}the{SPACE}math{SPACE}problem{ENTER}"
"224",953,41,8,8,15,18,8,0,22,"my{SPACE}finger{SPACE}positions{ENTER}"
"225",954,16,5,5,5,6,5,0,0,"{SHIFT}I{SPACE}did{SPACE}not{SPACE}use{SPACE}any{SPACE}strategies{.}{ENTER}"
"226",955,16,10,13,1,2,9,1,0,"{CAPSLOCK}I{CAPSLOCK}{SPACE}really{SPACE}ad{SPACE}no{SPACE}strategies{,}{SPACE}doing{SPACE}math{SPACE}and{SPACE}trying{SPACE}to{SPACE}remeber{SPACE}the{SPACE}order{SPACE}of{SPACE}the{SPACE}tones{SPACE}was{SPACE}very{SPACE}hard{.}{ENTER}"
"227",956,31,7,10,9,12,3,4,10,"{SHIFT}rehearsing{SPACE}the{SPACE}words{SHIFT}{SPACE}{QUOTE}high{,}{SPACE}low{,}{SPACE}or{SPACE}medium{SPACE}in{SPACE}a{SPACE}pattern{SPACE}while{SPACE}working{SPACE}through{SPACE}the{SPACE}problems{ENTER}"
"228",957,45,3,12,20,13,3,0,16,"i{SPACE}tried{SPACE}to{SPACE}tap{SPACE}them{SPACE}out{SPACE}on{SPACE}my{SPACE}fingers{.}{.}{SPACE}for{SPACE}some{SPACE}it{SPACE}worked{,}{SPACE}and{SPACE}for{SPACE}some{SPACE}not{SPACE}so{SPACE}much{ENTER}"
"229",958,29,7,10,7,12,5,2,18,"i{SPACE}tried{SPACE}to{SPACE}repeat{SPACE}the{SPACE}sounds{SPACE}to{SPACE}myself{SPACE}in{SPACE}the{SPACE}order{SPACE}that{SPACE}they{SPACE}were{SPACE}played{SPACE}directly{SPACE}after{SPACE}they{SPACE}were{SPACE}played{ENTER}"
"230",959,62,5,16,23,23,3,2,39,"{SPACE}1{-}low{ENTER}"
"231",960,51,1,17,20,14,1,0,27,"{SHIFT}I{SPACE}tried{SPACE}to{SPACE}repeat{SPACE}the{SPACE}tones{SPACE}in{SPACE}my{SPACE}head{SPACE}after{SPACE}doing{SPACE}each{SPACE}math{SPACE}problem{UPARROW}{SPACE}and{SPACE}everytime{SPACE}{SHIFT}I{SPACE}start{SPACE}from{SPACE}the{SPACE}first{SPACE}tone{SPACE}and{SPACE}repeat{SPACE}through{SPACE}the{SPACE}one{SPACE}{SHIFT}I{SPACE}just{SPACE}heard{.}{ENTER}"
"232",961,23,6,8,7,8,5,1,0,"{SPACE}{ENTER}"
"233",962,30,2,13,12,5,1,1,12,"{SHIFT}I{SPACE}tried{SPACE}to{SPACE}memorize{SPACE}them{SPACE}at{SPACE}first{SPACE}but{SPACE}the{SPACE}interval{SPACE}of{SPACE}the{SPACE}trial{SPACE}got{SPACE}too{SPACE}long{SPACE}for{SPACE}me{SPACE}to{SPACE}remember{.}{SPACE}{SHIFT}I{SPACE}then{SPACE}tried{SPACE}to{SPACE}break{SPACE}it{SPACE}into{SPACE}3{SPACE}categories{SPACE}on{SPACE}my{SPACE}hands{SPACE}and{SPACE}got{SPACE}the{SPACE}number{SPACE}of{SPACE}them{SPACE}right{,}{SPACE}but{SPACE}not{SPACE}the{SPACE}order{.}{ENTER}"
"234",963,59,4,21,20,18,3,1,32,"{SHIFT}I{SPACE}repeated{SPACE}the{SPACE}tones{SPACE}over{SPACE}and{SPACE}over{SPACE}in{SPACE}my{SPACE}head{SPACE}and{SPACE}mouthing{SPACE}the{SPACE}words{SPACE}medium{,}{SPACE}low{,}{SPACE}and{SPACE}high{.}{ENTER}"
"235",964,52,5,18,14,20,4,1,31,"{SHIFT}I{SPACE}tried{SPACE}memorizing{SPACE}tones{SPACE}3{SPACE}at{SPACE}a{SPACE}time{ENTER}"
"236",965,34,4,9,13,12,3,1,0,"{SHIFT}Tried{SPACE}using{SPACE}my{SPACE}fingers{SPACE}to{SPACE}record{SPACE}if{SPACE}the{SPACE}tones{SPACE}were{SPACE}low{,}{SPACE}med{SPACE}or{SPACE}high{SHIFT}{ENTER}"
"237",966,56,1,17,22,17,1,0,40,"{SPACE}memorizing{SPACE}groups{SPACE}of{SPACE}letters{SPACE}instead{SPACE}of{SPACE}the{SPACE}actual{SPACE}tones{,}{SPACE}just{SPACE}thinking{SPACE}mhl{LEFTARROW}{RIGHTARROW}{ENTER}"
"238",967,37,10,12,15,10,10,0,16,"i{SPACE}kept{SPACE}going{SPACE}over{SPACE}the{SPACE}tones{SPACE}in{SPACE}order{SPACE}in{SPACE}my{SPACE}head{SPACE}{ENTER}"
"239",968,47,10,17,14,16,8,2,25,"towards{SPACE}the{SPACE}end{SPACE}i{SPACE}assigned{SPACE}the{SPACE}tones{SPACE}nimbers{,}{SPACE}1{SPACE}being{SPACE}low{,}{SPACE}2{SPACE}neing{SPACE}medium{,}{SPACE}and{SPACE}3{SPACE}being{SPACE}high{.}{ENTER}"
"240",969,57,5,19,16,22,4,1,42,"{SHIFT}Used{SPACE}my{SPACE}hands{SPACE}to{SPACE}remember{SPACE}the{SPACE}order{SPACE}in{SPACE}which{SPACE}the{SPACE}tones{SPACE}were{SPACE}heard{.}{SPACE}{ENTER}"
"241",970,36,36,11,14,11,35,1,19,"{ENTER}"
"242",971,52,11,12,20,20,9,2,25,"saying{SPACE}the{SPACE}tones{SPACE}over{SPACE}and{SPACE}over{SPACE}in{SPACE}my{SPACE}head{ENTER}"
"243",972,50,2,14,17,19,0,2,18,"{SHIFT}I{SPACE}used{SPACE}my{SPACE}fingers{SPACE}to{SPACE}keep{SPACE}track{SPACE}of{SPACE}how{SPACE}many{SPACE}tones{SPACE}i{SPACE}had{SPACE}heard{SPACE}and{SPACE}{SHIFT}I{SPACE}tried{SPACE}to{SPACE}repeat{SPACE}the{SPACE}order{SPACE}of{SPACE}the{SPACE}tones{SPACE}before{SPACE}each{SPACE}math{SPACE}problem{ENTER}"
"244",973,64,8,23,20,21,5,3,32,"focused{SPACE}more{SPACE}on{SPACE}tone{SPACE}than{SPACE}math{,}{SPACE}just{SPACE}guessed{SPACE}with{SPACE}the{SPACE}math{SPACE}as{SPACE}if{SPACE}it{SPACE}looked{SPACE}to{SPACE}be{SPACE}close{SPACE}to{SPACE}the{SPACE}right{SPACE}answer{ENTER}"
"245",974,55,6,21,16,18,5,1,40,"{SHIFT}I{SPACE}repeated{SPACE}the{SPACE}name{SPACE}of{SPACE}each{SPACE}tone{SPACE}after{SPACE}each{SPACE}problem{SPACE}in{SPACE}order{,}{SPACE}so{SPACE}that{SPACE}{SHIFT}I{SPACE}could{SPACE}remember{SPACE}them{.}{ENTER}"
"246",975,61,5,22,17,22,5,0,30,"i{SPACE}repeated{SPACE}the{SPACE}first{SPACE}letters{SPACE}of{SPACE}the{SPACE}tones{-}ie{,}{SPACE}{SHIFT}H{,}{SHIFT}L{SHIFT}{SHIFT}{,}{SHIFT}M{,}{SPACE}etc{SPACE}over{SPACE}again{SPACE}until{SPACE}it{SPACE}was{SPACE}time{SPACE}to{SPACE}enter{SPACE}them{.}{ENTER}"
"247",977,68,2,21,22,25,2,0,51,"{CAPSLOCK}I{CAPSLOCK}{SPACE}repeated{SPACE}the{SPACE}tones{SPACE}in{SPACE}my{SPACE}head{SPACE}as{SPACE}they{SPACE}came{SPACE}up{SPACE}while{SPACE}solving{SPACE}the{SPACE}math{SPACE}problems{.}{ENTER}"
"248",978,52,2,14,17,21,2,0,23,"repeated{SPACE}back{SPACE}to{SPACE}myself{SPACE}in{SPACE}my{SPACE}head{SPACE}the{SPACE}tones{SPACE}while{SPACE}working{SPACE}the{SPACE}math{SPACE}problems{.}{ENTER}"
"249",979,42,5,13,15,14,3,2,20,"try{SPACE}to{SPACE}chunck{SPACE}the{SPACE}tones{SPACE}together{ENTER}"
"250",980,0,3,0,0,0,3,0,0,"i{SPACE}just{SPACE}focused{SPACE}on{SPACE}the{SPACE}math{SPACE}because{SPACE}i{SPACE}am{SPACE}very{SPACE}bad{SPACE}at{SPACE}math{SPACE}and{SPACE}wanted{SPACE}to{SPACE}stay{SPACE}above{SPACE}85{SHIFT}{%}{ENTER}"
"251",981,49,6,18,19,12,3,3,15,"instead{SPACE}of{SPACE}doing{SPACE}low{SPACE}medium{SPACE}high{SPACE}i{SPACE}try{SPACE}to{SPACE}remember{SPACE}the{SPACE}letters{SPACE}like{SPACE}l{SPACE}m{SPACE}h{ENTER}"
"252",982,66,5,22,21,23,2,3,42,"{SHIFT}I{SPACE}{SHIFT}just{SPACE}repeated{SPACE}the{SPACE}tones{SPACE}in{SPACE}my{SPACE}head{SPACE}until{SPACE}the{SPACE}end{SPACE}of{SPACE}the{SPACE}problems{.}{ENTER}"
"253",983,57,2,20,15,22,1,1,32,"fingers{SPACE}and{SPACE}memory{BACKSLASH}{ENTER}"
"254",984,54,4,14,15,25,4,0,36,"kept{SPACE}track{SPACE}of{SPACE}how{SPACE}many{SPACE}tones{SPACE}and{SPACE}corresponding{SPACE}letters{.}{SPACE}didnt{SPACE}pay{SPACE}attention{SPACE}to{SPACE}math{SPACE}answers{SPACE}{ENTER}"
"255",985,41,5,11,15,15,2,3,9,"{ENTER}"
"256",986,25,2,11,8,6,2,0,7,"none{ENTER}"
"257",987,33,4,10,10,13,4,0,6,"i{SPACE}would{SPACE}repeat{SPACE}what{SPACE}kind{SPACE}of{SPACE}tone{SPACE}it{SPACE}was{SPACE}{SHIFT}{SHIFT}{SHIFT}s{SPACE}in{SPACE}my{SPACE}head{SPACE}right{SPACE}after{SPACE}it{SPACE}was{SPACE}played{.}{SPACE}then{SPACE}i{SPACE}would{SPACE}try{SPACE}to{SPACE}repeat{SPACE}the{SPACE}order{SPACE}in{SPACE}my{SPACE}head{SPACE}while{SPACE}completing{SPACE}the{SPACE}math{SPACE}problems{ENTER}"
"258",988,50,7,17,14,19,5,2,32,"{SHIFT}I{SPACE}assigned{SPACE}{SHIFT}Do{SPACE}{SHIFT}Mi{SPACE}and{SPACE}{SHIFT}Sol{SPACE}to{SPACE}the{SPACE}{SHIFT}L{SPACE}{SHIFT}{SHIFT}{SHIFT}M{SPACE}and{SPACE}{SHIFT}H{SPACE}pitches{SPACE}and{SPACE}tried{SPACE}repeating{SPACE}the{SPACE}order{SPACE}in{SPACE}my{SPACE}head{SPACE}repeatedly{SPACE}as{SPACE}{SHIFT}I{SPACE}worked{SPACE}on{SPACE}the{SPACE}math{SPACE}problems{SPACE}to{SPACE}try{SPACE}to{SPACE}keep{SPACE}the{SPACE}order{SPACE}in{SPACE}mu{SPACE}head{.}{ENTER}"
