Q70,1-Jan,QID10,1-Nov,QID50,6,QID30,1-Jul,QID34,1-Aug,QID38,14,QID62,1-Dec,QID54,26,QID110,13-1,QID58,15-1,QID66,20-1,QID86,25-1,QID106,27-1,QID114,SC0,SC9,uid,phase,task,t
500,Different,I'm totally sure,Different,I think so,Same,I'm guessing,Same,I'm totally sure,Different,I'm totally sure,Same,I think so,Different,I'm totally sure,Same,I'm totally sure,Different,I think so,Different,I'm totally sure,Different,I'm totally sure,Same,I think so,Different,I'm totally sure,8,8,,,,1
501,Different,I think so,Different,I think so,Different,I think so,Same,I'm totally sure,Different,I think so,Different,I'm totally sure,Different,I think so,Different,I think so,Different,I think so,Different,I'm totally sure,Different,I think so,Same,I think so,Different,I think so,7,7,,,,1
502,Different,I'm totally sure,Different,I'm guessing,Different,I'm totally sure,Different,I think so,Same,I think so,Different,I think so,Same,I think so,Different,I'm totally sure,Same,I think so,Different,I'm totally sure,Same,I'm totally sure,Same,I think so,Different,I think so,8,8,,,,1
503,Same,I'm guessing,Same,I think so,Different,I think so,Different,I think so,Different,I'm totally sure,Same,I think so,Same,I'm totally sure,Different,I'm totally sure,Same,I think so,Different,I'm totally sure,Same,I'm totally sure,Same,I think so,Different,I think so,10,10,,,,1
504,Different,I'm totally sure,Same,I'm totally sure,Different,I'm totally sure,Same,I'm totally sure,Different,I'm totally sure,Same,I'm totally sure,Different,I think so,Different,I'm totally sure,Same,I'm totally sure,Different,I'm totally sure,Same,I think so,Same,I think so,Same,I'm totally sure,10,10,,,,1
505,Same,I'm guessing,Different,I think so,Different,I'm totally sure,Same,I'm guessing,Different,I'm totally sure,Different,I'm totally sure,Different,I think so,Different,I think so,Different,I'm guessing,Different,I think so,Different,I think so,Different,I think so,Different,I think so,5,5,,,,1
506,Same,I think so,Same,I'm guessing,Different,I think so,Different,I'm totally sure,Different,I'm totally sure,Different,I'm totally sure,Same,I'm totally sure,Different,I'm totally sure,Same,I think so,Different,I'm guessing,Same,I think so,Different,I'm totally sure,Different,I think so,8,8,,,,1
507,Different,I think so,Same,I think so,Same,I'm totally sure,Same,I think so,Same,I think so,Different,I'm totally sure,Same,I think so,Different,I'm totally sure,Same,I think so,Same,I think so,Same,I'm guessing,Different,I think so,Same,I think so,6,6,,,,1
508,Different,I'm totally sure,Same,I'm totally sure,Different,I'm totally sure,Different,I think so,Same,I think so,Same,I think so,Same,I'm totally sure,Different,I think so,Same,I'm totally sure,Same,I'm totally sure,Same,I'm totally sure,Different,I'm totally sure,Same,I'm totally sure,7,7,,,,1
509,Different,I think so,Same,I think so,Different,I think so,Same,I think so,Different,I think so,Same,I think so,Same,I think so,Same,I think so,Same,I think so,Different,I think so,Different,I think so,Same,I think so,Different,I think so,12,12,,,,1
510,Different,I'm totally sure,Same,I think so,Different,I think so,Same,I think so,Different,I'm totally sure,Different,I'm totally sure,Same,I'm totally sure,Different,I think so,Same,I think so,Different,I'm totally sure,Different,I'm totally sure,Same,I think so,Different,I think so,10,10,,,,1
511,Different,I'm totally sure,Different,I'm guessing,Different,I think so,Same,I think so,Different,I'm totally sure,Different,I'm guessing,Same,I'm totally sure,Different,I'm guessing,Same,I'm guessing,Different,I'm totally sure,Same,I think so,Same,I'm totally sure,Same,I'm guessing,9,9,,,,1
512,Different,I think so,Different,I think so,Different,I'm guessing,Different,I think so,Different,I think so,Different,I'm guessing,Same,I think so,Different,I think so,Different,I think so,Same,I think so,Different,I think so,Different,I think so,Same,I think so,4,4,,,,1
513,Different,I'm totally sure,Same,I'm totally sure,Different,I'm totally sure,Same,I'm totally sure,Different,I'm totally sure,Same,I'm totally sure,Different,I'm guessing,Different,I think so,Same,I'm totally sure,Different,I'm totally sure,Different,I think so,Same,I'm totally sure,Different,I'm totally sure,10,10,,,,1
514,Same,I think so,Same,I'm totally sure,Different,I think so,Same,I think so,Same,I'm totally sure,Same,I'm totally sure,Different,I think so,Same,I think so,Same,I'm totally sure,Different,I think so,Same,I'm totally sure,Same,I'm totally sure,Same,I'm totally sure,9,9,,,,1
515,Different,I think so,Same,I'm totally sure,Different,I'm totally sure,Different,I think so,Different,I'm totally sure,Same,I'm totally sure,Different,I think so,Different,I think so,Different,I think so,Different,I'm totally sure,Same,I'm totally sure,Same,I'm totally sure,Different,I'm totally sure,9,9,,,,1
516,Different,I'm totally sure,Different,I'm guessing,Different,I'm totally sure,Same,I think so,Different,I think so,Same,I think so,Same,I think so,Different,I think so,Different,I think so,Different,I'm guessing,Same,I think so,Different,I think so,Different,I think so,9,9,,,,1
517,Different,I think so,Same,I think so,Different,I'm totally sure,Same,I'm totally sure,Different,I'm totally sure,Same,I'm guessing,Same,I think so,Same,I'm guessing,Different,I think so,Different,I think so,Different,I'm totally sure,Different,I think so,Different,I'm totally sure,10,10,,,,1
518,Different,I'm guessing,Same,I think so,Same,I'm guessing,Different,I'm guessing,Different,I'm guessing,Same,I think so,Same,I think so,Different,I think so,Different,I'm guessing,Different,I'm totally sure,Different,I think so,Same,I think so,Different,I'm guessing,8,8,,,,1
519,Different,I'm totally sure,Same,I'm totally sure,Different,I'm totally sure,Same,I'm totally sure,Different,I'm totally sure,Same,I think so,Same,I think so,Different,I think so,Same,I'm totally sure,Different,I'm totally sure,Same,I'm totally sure,Same,I think so,Same,I'm totally sure,11,11,,,,1
520,Different,I'm totally sure,Same,I'm totally sure,Same,I'm totally sure,Same,I'm totally sure,Same,I'm totally sure,Different,I'm totally sure,Same,I'm totally sure,Different,I'm totally sure,Different,I'm totally sure,Same,I'm totally sure,Same,I'm totally sure,Same,I'm totally sure,Same,I'm totally sure,6,6,,,,1
521,Different,I think so,Same,I'm totally sure,Different,I'm guessing,Same,I'm guessing,Different,I'm totally sure,Same,I'm totally sure,Different,I'm guessing,Same,I think so,Different,I'm guessing,Different,I'm totally sure,Same,I think so,Different,I'm guessing,Different,I'm guessing,10,10,,,,1
522,Same,I'm guessing,Same,I'm guessing,Different,I'm guessing,Same,I think so,Different,I'm totally sure,Same,I'm guessing,Different,I think so,Different,I think so,Different,I'm guessing,Same,I'm guessing,Same,I'm guessing,Same,I'm guessing,Different,I think so,8,8,,,,1
523,Different,I'm totally sure,Same,I'm totally sure,Different,I'm totally sure,Same,I'm totally sure,Different,I'm totally sure,Different,I'm totally sure,Same,I'm totally sure,Same,I think so,Same,I'm totally sure,Same,I'm totally sure,Different,I think so,Same,I'm totally sure,Same,I'm totally sure,9,9,,,,1
524,Different,I'm totally sure,Same,I'm totally sure,Different,I'm totally sure,Same,I'm totally sure,Different,I'm totally sure,Same,I think so,Same,I think so,Different,I think so,Same,I'm totally sure,Different,I'm totally sure,Different,I think so,Different,I think so,Different,I'm totally sure,10,10,,,,1
525,Different,I think so,Different,I'm totally sure,Different,I'm totally sure,Different,I'm totally sure,Different,I'm totally sure,Same,I think so,Different,I think so,Different,I'm totally sure,Different,I'm totally sure,Same,I think so,Different,I'm guessing,Different,I'm totally sure,Same,I think so,4,4,,,,1
526,Different,I think so,Same,I think so,Same,I think so,Same,I think so,Different,I think so,Different,I think so,Same,I think so,Different,I'm totally sure,Same,I think so,Different,I'm totally sure,Same,I think so,Different,I'm guessing,Same,I'm totally sure,8,8,,,,1
527,Same,I think so,Same,I'm totally sure,Same,I think so,Same,I think so,Different,I'm totally sure,Same,I'm totally sure,Different,I think so,Different,I think so,Same,I think so,Different,I'm totally sure,Same,I'm totally sure,Different,I think so,Different,I'm totally sure,8,8,,,,1
528,Different,I'm totally sure,Different,I think so,Same,I think so,Same,I think so,Different,I think so,Same,I think so,Different,I think so,Same,I think so,Different,I'm guessing,Different,I'm totally sure,Same,I think so,Same,I think so,Different,I think so,9,9,,,,1
529,Different,I think so,Different,I think so,Same,I think so,Same,I'm totally sure,Different,I think so,Same,I'm totally sure,Same,I think so,Same,I think so,Same,I think so,Different,I'm totally sure,Same,I think so,Different,I think so,Different,I think so,10,10,,,,1
530,Same,I think so,Different,I'm guessing,Same,I think so,Same,I think so,Different,I think so,Different,I think so,Same,I think so,Same,I think so,Same,I think so,Different,I'm guessing,Same,I think so,Same,I think so,Different,I think so,9,9,,,,1
531,Different,I'm totally sure,Different,I'm totally sure,Different,I'm totally sure,Different,I'm totally sure,Different,I'm totally sure,Different,I'm totally sure,Different,I'm totally sure,Different,I'm totally sure,Different,I'm guessing,Different,I'm totally sure,Different,I'm totally sure,Same,I'm guessing,Different,I'm totally sure,6,6,,,,1
532,Different,I think so,Same,I think so,Different,I'm totally sure,Same,I'm totally sure,Different,I'm totally sure,Different,I'm totally sure,Same,I think so,Different,I'm totally sure,Same,I think so,Different,I'm totally sure,Different,I think so,Same,I think so,Different,I'm totally sure,10,10,,,,1
533,Different,I'm totally sure,Same,I think so,Different,I think so,Same,I'm totally sure,Different,I'm totally sure,Same,I think so,Different,I think so,Different,I think so,Same,I'm guessing,Different,I'm totally sure,Different,I think so,Same,I think so,Different,I'm totally sure,10,10,,,,1
534,Different,I think so,Same,I think so,Different,I think so,Different,I think so,Different,I'm guessing,Different,I think so,Same,I think so,Different,I'm guessing,Same,I think so,Same,I think so,Different,I think so,Same,I think so,Different,I think so,8,8,,,,1
535,Different,I think so,Same,I think so,Different,I'm totally sure,Different,I think so,Different,I'm totally sure,Same,I think so,Same,I'm totally sure,Different,I think so,Same,I'm totally sure,Different,I think so,Same,I'm totally sure,Same,I'm totally sure,Different,I think so,11,11,,,,1
536,Different,I'm totally sure,Different,I think so,Different,I'm totally sure,Same,I'm guessing,Different,I'm totally sure,Different,I think so,Same,I think so,Same,I think so,Same,I'm totally sure,Different,I'm totally sure,Different,I think so,Same,I think so,Different,I think so,10,10,,,,1
537,Different,I think so,Same,I think so,Different,I think so,Same,I'm totally sure,Same,I'm guessing,Same,I think so,Same,I'm totally sure,Different,I'm totally sure,Same,I think so,Different,I'm totally sure,Same,I'm totally sure,Same,I think so,Different,I think so,11,11,,,,1
538,Same,I think so,Same,I think so,Different,I'm totally sure,Different,I think so,Different,I'm totally sure,Same,I think so,Different,I'm totally sure,Same,I'm guessing,Different,I think so,Different,I'm totally sure,Different,I'm totally sure,Different,I'm totally sure,Different,I'm totally sure,7,7,,,,1
539,Different,I think so,Different,I think so,Same,I think so,Same,I think so,Different,I think so,Same,I think so,Different,I think so,Same,I think so,Different,I think so,Different,I think so,Same,I think so,Same,I'm guessing,Different,I think so,9,9,,,,1
540,Different,I'm totally sure,Same,I think so,Different,I'm totally sure,Different,I'm totally sure,Different,I'm totally sure,Same,I'm totally sure,Same,I think so,Different,I'm totally sure,Different,I'm totally sure,Same,I think so,Different,I think so,Different,I'm guessing,Same,I think so,6,6,,,,1
541,Same,I think so,Same,I'm guessing,Different,I'm totally sure,Same,I think so,Different,I'm totally sure,Same,I'm totally sure,Same,I'm totally sure,Different,I'm totally sure,Same,I'm totally sure,Same,I think so,Different,I'm totally sure,Different,I'm totally sure,Same,I'm totally sure,7,7,,,,1
542,Different,I'm totally sure,Same,I'm totally sure,Different,I'm totally sure,Same,I'm totally sure,Different,I'm totally sure,Same,I'm totally sure,Same,I'm totally sure,Same,I'm totally sure,Different,I'm totally sure,Different,I'm totally sure,Different,I'm totally sure,Same,I'm totally sure,Different,I'm totally sure,11,11,,,,1
543,Different,I'm totally sure,Same,I think so,Different,I think so,Same,I think so,Different,I'm totally sure,Different,I'm guessing,Same,I'm totally sure,Same,I'm guessing,Same,I'm guessing,Different,I'm totally sure,Different,I think so,Different,I think so,Different,I'm totally sure,10,10,,,,1
544,Different,I think so,Different,I think so,Same,I'm guessing,Same,I think so,Different,I'm totally sure,Different,I think so,Same,I think so,Same,I think so,Same,I think so,Different,I think so,Different,I'm totally sure,Same,I think so,Different,I think so,9,9,,,,1
545,Different,I think so,Different,I think so,Different,I think so,Different,I think so,Same,I think so,Same,I think so,Different,I think so,Same,I think so,Different,I think so,Different,I think so,Same,I think so,Different,I think so,Different,I think so,7,7,,,,1
546,Same,I'm totally sure,Same,I'm totally sure,Different,I'm totally sure,Different,I'm totally sure,Different,I'm totally sure,Different,I think so,Same,I think so,Same,I think so,Same,I'm totally sure,Different,I'm totally sure,Same,I'm totally sure,Different,I'm totally sure,Different,I'm totally sure,9,9,,,,1
547,Different,I think so,Different,I think so,Different,I think so,Same,I think so,Different,I think so,Different,I think so,Same,I think so,Different,I'm totally sure,Different,I think so,Different,I'm totally sure,Different,I think so,Different,I'm guessing,Different,I think so,7,7,,,,1
548,Different,I think so,Different,I'm totally sure,Different,I'm totally sure,Different,I think so,Different,I think so,Same,I think so,Same,I'm totally sure,Same,I think so,Same,I think so,Different,I'm totally sure,Same,I'm totally sure,Different,I'm totally sure,Different,I'm totally sure,10,10,,,,1
549,Different,I'm totally sure,Same,I think so,Different,I'm totally sure,Same,I think so,Different,I'm totally sure,Same,I think so,Different,I think so,Different,I'm totally sure,Same,I think so,Different,I'm totally sure,Same,I'm totally sure,Same,I think so,Different,I'm totally sure,11,11,,,,1
550,Different,I'm totally sure,Same,I think so,Same,I think so,Different,I think so,Different,I'm totally sure,Different,I think so,Different,I think so,Different,I'm totally sure,Same,I think so,Different,I think so,Different,I'm totally sure,Same,I think so,Different,I think so,7,7,,,,1
551,Different,I think so,Same,I think so,Different,I'm totally sure,Different,I'm totally sure,Different,I'm totally sure,Different,I think so,Different,I'm totally sure,Different,I think so,Same,I think so,Same,I'm totally sure,Different,I think so,Same,I'm totally sure,Same,I think so,6,6,,,,1
552,Different,I'm totally sure,Same,I think so,Different,I'm totally sure,Same,I think so,Different,I'm totally sure,Same,I think so,Same,I think so,Same,I think so,Same,I think so,Different,I'm totally sure,Same,I think so,Same,I think so,Different,I'm totally sure,13,13,,,,1
553,Different,I'm totally sure,Different,I'm totally sure,Different,I'm totally sure,Same,I'm totally sure,Same,I'm totally sure,Different,I'm totally sure,Same,I'm totally sure,Same,I'm totally sure,Same,I'm totally sure,Different,I'm totally sure,Different,I'm totally sure,Same,I'm totally sure,Same,I'm totally sure,8,8,,,,1
554,Different,I think so,Different,I'm guessing,Different,I'm totally sure,Same,I think so,Different,I think so,Different,I think so,Different,I'm totally sure,Same,I'm guessing,Different,I think so,Different,I think so,Same,I think so,Same,I think so,Different,I'm totally sure,9,9,,,,1
555,Different,I'm totally sure,Different,I'm totally sure,Different,I'm totally sure,Same,I think so,Same,I think so,Same,I think so,Different,I'm totally sure,Different,I think so,Same,I'm totally sure,Different,I'm totally sure,Different,I think so,Same,I'm totally sure,Different,I think so,8,8,,,,1
700,Different,I'm totally sure,Same,I think so,Different,I'm totally sure,Different,I think so,Different,I think so,Same,I think so,Same,I think so,Different,I think so,Same,I think so,Different,I'm totally sure,Different,I'm totally sure,Different,I think so,Different,I'm totally sure,9,9,,,,1
701,Different,I'm totally sure,Same,I'm totally sure,Different,I'm totally sure,Same,I'm totally sure,Different,I think so,Same,I think so,Same,I'm totally sure,Same,I'm totally sure,Different,I think so,Different,I'm totally sure,Different,I'm totally sure,Same,I think so,Different,I'm totally sure,11,11,,,,1
702,Different,I think so,Same,I'm guessing,Same,I'm guessing,Same,I'm guessing,Same,I'm guessing,Same,I think so,Different,I'm guessing,Different,I'm guessing,Same,I'm guessing,Different,I'm guessing,Different,I'm guessing,Same,I think so,Different,I think so,8,8,,,,1
703,Different,I'm totally sure,Same,I'm totally sure,Different,I'm totally sure,Same,I'm totally sure,Different,I think so,Same,I'm totally sure,Same,I think so,Same,I think so,Different,I think so,Different,I'm guessing,Same,I think so,Different,I think so,Different,I'm totally sure,11,11,,,,1
704,Same,I think so,Different,I think so,Different,I think so,Different,I think so,Different,I think so,Same,I think so,Same,I think so,Same,I think so,Same,I think so,Different,I'm totally sure,Different,I think so,Different,I think so,Different,I think so,8,8,,,,1
705,Different,I'm totally sure,Same,I'm guessing,Different,I'm totally sure,Same,I'm guessing,Different,I'm guessing,Different,I'm totally sure,Same,I'm guessing,Different,I think so,Same,I'm totally sure,Different,I'm totally sure,Same,I'm totally sure,Different,I'm totally sure,Different,I'm totally sure,10,10,,,,1
706,Different,I'm totally sure,Different,I'm guessing,Different,I'm totally sure,Different,I think so,Same,I think so,Different,I'm totally sure,Same,I think so,Different,I'm totally sure,Different,I think so,Different,I'm totally sure,Same,I'm guessing,Same,I think so,Different,I think so,7,7,,,,1
707,Same,I'm guessing,Same,I think so,Different,I think so,Same,I'm totally sure,Different,I think so,Different,I think so,Same,I'm totally sure,Different,I think so,Same,I think so,Different,I think so,Same,I think so,Same,I'm totally sure,Different,I'm guessing,10,10,,,,1
708,Different,I think so,Same,I think so,Different,I'm totally sure,Same,I'm guessing,Different,I'm totally sure,Different,I'm totally sure,Same,I think so,Same,I think so,Same,I think so,Different,I'm totally sure,Different,I'm totally sure,Different,I think so,Different,I'm totally sure,10,10,,,,1
709,Different,I'm totally sure,Same,I'm totally sure,Different,I think so,Different,I'm totally sure,Same,I'm guessing,Same,I think so,Same,I think so,Different,I'm guessing,Same,I think so,Different,I'm totally sure,Same,I think so,Same,I think so,Different,I'm totally sure,10,10,,,,1
710,Different,I'm totally sure,Same,I'm totally sure,Different,I'm totally sure,Same,I think so,Same,I think so,Different,I'm totally sure,Different,I'm totally sure,Different,I'm totally sure,Different,I'm totally sure,Different,I'm totally sure,Different,I'm totally sure,Same,I'm totally sure,Different,I'm totally sure,7,7,,,,1
711,Same,I think so,Same,I think so,Different,I think so,Different,I'm totally sure,Different,I'm totally sure,Different,I think so,Same,I think so,Different,I think so,Different,I'm totally sure,Different,I think so,Different,I think so,Same,I think so,Different,I'm totally sure,7,7,,,,1
712,Different,I'm totally sure,Same,I think so,Different,I think so,Different,I think so,Different,I'm totally sure,Same,I think so,Same,I think so,Same,I think so,Same,I think so,Same,I think so,Same,I think so,Same,I think so,Same,I think so,10,10,,,,1
713,Different,I'm totally sure,Different,I think so,Same,I'm guessing,Same,I think so,Different,I'm totally sure,Same,I'm totally sure,Same,I think so,Same,I'm totally sure,Same,I'm totally sure,Different,I'm totally sure,Same,I think so,Different,I think so,Different,I'm totally sure,10,10,,,,1
714,Different,I'm totally sure,Same,I'm totally sure,Different,I'm totally sure,Same,I think so,Different,I'm guessing,Same,I'm totally sure,Same,I think so,Same,I think so,Different,I think so,Different,I'm totally sure,Different,I'm totally sure,Same,I think so,Same,I think so,10,10,,,,1
715,Different,I'm totally sure,Same,I'm totally sure,Different,I'm totally sure,Same,I think so,Different,I'm totally sure,Different,I'm totally sure,Different,I'm totally sure,Different,I'm totally sure,Different,I'm totally sure,Different,I'm totally sure,Same,I think so,Same,I'm totally sure,Different,I think so,9,9,,,,1
716,Different,I'm totally sure,Different,I'm totally sure,Different,I'm totally sure,Same,I think so,Different,I'm totally sure,Different,I think so,Same,I'm totally sure,Same,I think so,Same,I think so,Different,I'm totally sure,Same,I'm totally sure,Same,I'm totally sure,Different,I'm totally sure,11,11,,,,1
717,Different,I'm totally sure,Same,I'm totally sure,Different,I'm totally sure,Different,I'm totally sure,Different,I'm totally sure,Different,I'm totally sure,Different,I'm totally sure,Different,I'm totally sure,Same,I'm totally sure,Different,I'm totally sure,Same,I'm totally sure,Different,I'm totally sure,Different,I'm totally sure,8,8,,,,1
718,Different,I'm guessing,Same,I'm totally sure,Different,I think so,Same,I think so,Different,I'm guessing,Different,I'm guessing,Same,I'm totally sure,Same,I think so,Same,I'm totally sure,Different,I'm totally sure,Same,I'm totally sure,Different,I think so,Same,I'm guessing,10,10,,,,1
719,Different,I'm totally sure,Different,I'm totally sure,Same,I think so,Same,I'm totally sure,Same,I think so,Different,I'm totally sure,Same,I'm totally sure,Different,I think so,Same,I think so,Same,I'm totally sure,Different,I'm totally sure,Same,I'm totally sure,Same,I'm totally sure,5,5,,,,1
720,Different,I'm totally sure,Same,I think so,Different,I'm totally sure,Same,I'm totally sure,Same,I think so,Same,I think so,Same,I think so,Same,I think so,Same,I think so,Different,I'm totally sure,Same,I think so,Different,I think so,Different,I think so,11,11,,,,1
721,Same,I'm totally sure,Same,I'm totally sure,Different,I'm totally sure,Same,I'm totally sure,Different,I'm totally sure,Same,I'm totally sure,Same,I'm totally sure,Different,I'm totally sure,Different,I'm totally sure,Different,I'm totally sure,Same,I'm totally sure,Same,I'm totally sure,Different,I'm totally sure,10,10,,,,1
722,Different,I'm totally sure,Same,I'm totally sure,Same,I think so,Same,I'm totally sure,Different,I'm totally sure,Same,I think so,Same,I think so,Different,I think so,Same,I think so,Different,I'm totally sure,Same,I'm guessing,Same,I'm totally sure,Different,I'm totally sure,11,11,,,,1
723,Different,I think so,Same,I think so,Different,I think so,Same,I think so,Different,I think so,Different,I think so,Same,I'm totally sure,Same,I think so,Same,I think so,Same,I think so,Different,I'm guessing,Same,I think so,Different,I think so,10,10,,,,1
900,Different,I think so,Different,I think so,Different,I think so,Same,I think so,Different,I'm totally sure,Same,I think so,Same,I think so,Same,I think so,Same,I'm guessing,Different,I think so,Same,I think so,Different,I think so,Different,I think so,11,11,,,,1
901,Different,I'm totally sure,Same,I think so,Different,I'm totally sure,Different,I think so,Same,I think so,Same,I'm totally sure,Different,I'm totally sure,Different,I think so,Same,I think so,Different,I'm totally sure,Same,I'm totally sure,Same,I'm totally sure,Same,I think so,8,8,,,,1
902,Different,I think so,Same,I think so,Different,I think so,Same,I think so,Different,I think so,Different,I think so,Same,I think so,Same,I think so,Same,I think so,Different,I'm totally sure,Same,I'm totally sure,Same,I think so,Different,I'm totally sure,12,12,,,,1
903,Different,I think so,Same,I'm guessing,Different,I think so,Same,I think so,Different,I'm totally sure,Different,I'm guessing,Same,I'm guessing,Different,I'm guessing,Same,I'm guessing,Different,I think so,Same,I'm guessing,Same,I think so,Different,I'm guessing,11,11,,,,1
904,Same,I think so,Same,I think so,Same,I think so,Same,I think so,Same,I think so,Different,I think so,Same,I think so,Same,I think so,Different,I think so,Different,I think so,Same,I think so,Same,I think so,Different,I think so,8,8,,,,1
905,Different,I think so,Same,I'm guessing,Same,I think so,Different,I think so,Different,I'm guessing,Different,I'm totally sure,Different,I think so,Same,I'm totally sure,Same,I think so,Different,I'm totally sure,Same,I think so,Same,I'm totally sure,Different,I'm totally sure,9,9,,,,1
906,Different,I think so,Different,I'm totally sure,Different,I'm totally sure,Same,I think so,Different,I think so,Different,I think so,Same,I'm totally sure,Same,I'm totally sure,Same,I think so,Different,I'm totally sure,Same,I'm totally sure,Same,I'm totally sure,Same,I'm totally sure,10,10,,,,1
907,Different,I'm totally sure,Same,I think so,Different,I'm totally sure,Same,I'm totally sure,Different,I'm totally sure,Different,I'm totally sure,Same,I think so,Same,I'm totally sure,Same,I think so,Different,I'm totally sure,Different,I'm totally sure,Same,I think so,Same,I'm totally sure,10,10,,,,1
908,Different,I'm totally sure,Different,I think so,Same,I'm guessing,Same,I'm totally sure,Different,I think so,Same,I think so,Different,I'm guessing,Same,I think so,Different,I'm guessing,Different,I'm guessing,Same,I'm guessing,Same,I'm totally sure,Different,I'm totally sure,9,9,,,,1
909,Different,I'm guessing,Same,I'm totally sure,Different,I think so,Same,I think so,Different,I'm totally sure,Different,I'm totally sure,Same,I think so,Different,I think so,Different,I'm guessing,Different,I think so,Same,I think so,Same,I think so,Same,I'm totally sure,9,9,,,,1
910,Different,I think so,Same,I'm totally sure,Same,I think so,Same,I think so,Same,I'm totally sure,Same,I'm totally sure,Different,I'm totally sure,Different,I think so,Different,I'm totally sure,Different,I think so,Same,I think so,Same,I'm totally sure,Same,I'm totally sure,7,7,,,,1
911,Different,I think so,Same,I'm totally sure,Same,I think so,Same,I'm totally sure,Same,I think so,Same,I'm totally sure,Different,I think so,Same,I'm totally sure,Same,I'm totally sure,Different,I'm totally sure,Same,I think so,Different,I think so,Same,I'm totally sure,8,8,,,,1
912,Different,I think so,Different,I'm guessing,Same,I'm totally sure,Different,I think so,Different,I'm guessing,Same,I think so,Same,I'm totally sure,Different,I think so,Different,I think so,Different,I'm totally sure,Different,I'm totally sure,Different,I think so,Different,I'm guessing,6,6,,,,1
913,Same,I think so,Different,I'm guessing,Same,I'm guessing,Same,I think so,Different,I think so,Same,I'm totally sure,Different,I'm totally sure,Different,I think so,Different,I think so,Different,I'm guessing,Same,I think so,Same,I'm totally sure,Different,I'm totally sure,7,7,,,,1
914,Different,I think so,Same,I think so,Same,I think so,Same,I'm guessing,Different,I'm totally sure,Same,I'm totally sure,Same,I think so,Same,I'm totally sure,Same,I think so,Same,I'm totally sure,Same,I'm totally sure,Same,I'm totally sure,Different,I'm totally sure,11,11,,,,1
915,Different,I'm totally sure,Same,I think so,Same,I think so,Same,I think so,Different,I think so,Same,I think so,Different,I think so,Same,I think so,Different,I think so,Different,I think so,Different,I think so,Different,I think so,Different,I'm totally sure,8,8,,,,1
916,Same,I think so,Different,I think so,Same,I think so,Different,I think so,Different,I'm totally sure,Same,I'm totally sure,Same,I'm totally sure,Same,I'm totally sure,Same,I'm totally sure,Different,I'm totally sure,Same,I think so,Same,I'm totally sure,Same,I think so,8,8,,,,1
1001,Same,I think so,Same,I think so,Same,I think so,Different,I think so,Different,I think so,Same,I think so,Different,I think so,Different,I think so,Same,I think so,Same,I think so,Different,I think so,Same,I think so,Different,I think so,6,6,,,,1
1002,Same,I'm guessing,Different,I'm guessing,Same,I think so,Different,I think so,Different,I'm guessing,Different,I think so,Different,I think so,Same,I think so,Different,I'm guessing,Same,I think so,Same,I think so,Same,I think so,Same,I think so,4,4,,,,1
1003,Different,I'm totally sure,Same,I think so,Different,I think so,Different,I think so,Same,I'm totally sure,Same,I think so,Same,I'm totally sure,Same,I'm totally sure,Different,I'm guessing,Same,I think so,Different,I'm totally sure,Same,I think so,Same,I think so,7,7,,,,1
1004,Same,I think so,Same,I'm guessing,Same,I think so,Different,I think so,Same,I'm guessing,Same,I think so,Same,I think so,Same,I think so,Different,I think so,Same,I think so,Same,I think so,Different,I think so,Different,I think so,6,6,,,,1
1005,Different,I think so,Same,I think so,Different,I think so,Same,I think so,Different,I think so,Same,I think so,Same,I think so,Different,I think so,Same,I think so,Same,I think so,Different,I think so,Different,I think so,Same,I think so,8,8,,,,1
1006,Different,I think so,Same,I think so,Same,I think so,Same,I think so,Different,I think so,Same,I think so,Same,I think so,Same,I'm guessing,Different,I think so,Same,I think so,Different,I think so,Different,I think so,Same,I think so,7,7,,,,1
1007,Different,I'm totally sure,Same,I'm totally sure,Different,I'm totally sure,Different,I'm totally sure,Different,I'm totally sure,Same,I'm totally sure,Different,I'm totally sure,Same,I'm totally sure,Different,I'm totally sure,Different,I'm totally sure,Same,I'm totally sure,Same,I'm totally sure,Different,I'm totally sure,10,10,,,,1
1008,Different,I think so,Same,I think so,Different,I think so,Different,I think so,Different,I'm guessing,Same,I think so,Same,I think so,Same,I think so,Same,I think so,Same,I think so,Same,I think so,Different,I think so,Same,I think so,9,9,,,,1
1009,Same,I'm totally sure,Different,I think so,Different,I'm totally sure,Same,I think so,Different,I'm totally sure,Same,I think so,Same,I think so,Different,I'm totally sure,Same,I think so,Same,I think so,Different,I think so,Different,I think so,Same,I'm totally sure,6,6,,,,1
1010,Different,I'm totally sure,Different,I think so,Different,I think so,Different,I'm totally sure,Different,I'm totally sure,Different,I'm totally sure,Different,I think so,Different,I'm totally sure,Same,I think so,Different,I'm totally sure,Different,I think so,Different,I'm totally sure,Same,I think so,5,5,,,,1
1011,Different,I'm totally sure,Same,I think so,Same,I'm guessing,Same,I'm totally sure,Different,I'm guessing,Different,I think so,Different,I think so,Different,I'm totally sure,Same,I'm totally sure,Same,I think so,Same,I'm guessing,Different,I'm guessing,Different,I think so,7,7,,,,1
1012,Different,I think so,Same,I'm guessing,Different,I'm totally sure,Same,I'm guessing,Different,I'm totally sure,Same,I think so,Same,I'm guessing,Different,I think so,Different,I'm guessing,Different,I think so,Same,I think so,Same,I'm guessing,Same,I think so,10,10,,,,1
1013,Different,I think so,Same,I think so,Same,I think so,Same,I think so,Different,I think so,Same,I'm totally sure,Different,I'm guessing,Different,I think so,Same,I'm guessing,Same,I think so,Same,I'm totally sure,Different,I think so,Same,I think so,7,7,,,,1
1014,Same,I think so,Different,I think so,Same,I think so,Same,I think so,Same,I think so,Same,I think so,Same,I think so,Same,I'm totally sure,Same,I think so,Different,I think so,Same,I think so,Same,I think so,Same,I think so,8,8,,,,1
1015,Different,I think so,Same,I'm totally sure,Different,I'm guessing,Same,I think so,Different,I'm totally sure,Same,I'm totally sure,Same,I think so,Same,I think so,Same,I think so,Different,I think so,Different,I think so,Different,I think so,Same,I think so,10,10,,,,1
1016,Same,I think so,Same,I think so,Same,I think so,Different,I think so,Different,I'm totally sure,Same,I think so,Different,I think so,Different,I think so,Different,I'm guessing,Different,I think so,Same,I'm totally sure,Different,I'm guessing,Same,I think so,5,5,,,,1
1017,Same,I think so,Same,I think so,Different,I think so,Different,I think so,Different,I think so,Same,I think so,Different,I think so,Same,I think so,Same,I think so,Same,I think so,Different,I think so,Same,I think so,Same,I think so,7,7,,,,1
1018,Different,I'm totally sure,Same,I'm guessing,Different,I'm totally sure,Different,I think so,Different,I'm totally sure,Same,I think so,Different,I'm totally sure,Different,I'm totally sure,Different,I think so,Same,I think so,Same,I think so,Same,I think so,Different,I'm totally sure,8,8,,,,1
1019,Different,I think so,Same,I think so,Different,I'm guessing,Same,I think so,Different,I'm guessing,Same,I think so,Different,I'm guessing,Same,I think so,Same,I'm guessing,Different,I think so,Same,I'm guessing,Different,I'm guessing,Different,I think so,11,11,,,,1
1020,Different,I think so,Same,I'm guessing,Same,I think so,Same,I think so,Same,I'm guessing,Same,I'm totally sure,Different,I think so,Same,I think so,Same,I think so,Different,I think so,Same,I'm totally sure,Same,I'm totally sure,Different,I think so,10,10,,,,1
1021,Same,I think so,Different,I think so,Same,I think so,Same,I think so,Same,I think so,Same,I think so,Same,I think so,Different,I think so,Different,I think so,Different,I think so,Same,I think so,Same,I think so,Same,I'm totally sure,6,6,,,,1
1022,Different,I'm guessing,Same,I think so,Different,I'm guessing,Same,I think so,Different,I'm totally sure,Different,I think so,Different,I'm guessing,Different,I'm guessing,Same,I think so,Different,I think so,Same,I'm guessing,Same,I think so,Same,I think so,9,9,,,,1
"{""ImportId"":""QID683_TEXT""}","{""ImportId"":""QID118""}","{""ImportId"":""QID119""}","{""ImportId"":""QID158""}","{""ImportId"":""QID159""}","{""ImportId"":""QID138""}","{""ImportId"":""QID139""}","{""ImportId"":""QID142""}","{""ImportId"":""QID143""}","{""ImportId"":""QID146""}","{""ImportId"":""QID147""}","{""ImportId"":""QID170""}","{""ImportId"":""QID171""}","{""ImportId"":""QID162""}","{""ImportId"":""QID163""}","{""ImportId"":""QID218""}","{""ImportId"":""QID219""}","{""ImportId"":""QID166""}","{""ImportId"":""QID167""}","{""ImportId"":""QID174""}","{""ImportId"":""QID175""}","{""ImportId"":""QID194""}","{""ImportId"":""QID195""}","{""ImportId"":""QID214""}","{""ImportId"":""QID215""}","{""ImportId"":""QID222""}","{""ImportId"":""QID223""}","{""ImportId"":""SC1""}","{""ImportId"":""SC10""}","{""ImportId"":""uid""}","{""ImportId"":""phase""}","{""ImportId"":""task""}","{""ImportId"":""t""}"
Experimenter type in participant number.,"Was the second tune the same melody as the first, despite being played at a different pitch?",How sure are you about this answer?,"Was the second tune the same melody as the first, despite being played at a different pitch?",How sure are you about this answer?,"Was the second tune the same melody as the first, despite being played at a different pitch?",How sure are you about this answer?,"Was the second tune the same melody as the first, despite being played at a different pitch?",How sure are you about this answer?,"Was the second tune the same melody as the first, despite being played at a different pitch?",How sure are you about this answer?,"Was the second tune the same melody as the first, despite being played at a different pitch?",How sure are you about this answer?,"Was the second tune the same melody as the first, despite being played at a different pitch?",How sure are you about this answer?,"Was the second tune the same melody as the first, despite being played at a different pitch?",How sure are you about this answer?,"Was the second tune the same melody as the first, despite being played at a different pitch?",How sure are you about this answer?,"Was the second tune the same melody as the first, despite being played at a different pitch?",How sure are you about this answer?,"Was the second tune the same melody as the first, despite being played at a different pitch?",How sure are you about this answer?,"Was the second tune the same melody as the first, despite being played at a different pitch?",How sure are you about this answer?,"Was the second tune the same melody as the first, despite being played at a different pitch?",How sure are you about this answer?,Grade,gmsi_mem,uid,phase,task,t
